Latitude,Longitude,Label,Type
51.496283,-0.210726,13,Event
51.5084933,0.0250402,13,Event
51.4981791,-0.1741152,13,Event
51.5357184,-0.1058961,13,Event
52.6734531,-2.4425397,10,Event
51.5073509,-0.1277583,13,Event
51.5005046,-0.1782187,13,Event
51.4950539,-0.211456,13,Event
51.4978095,-0.1745235,13,Event
51.5007013,-0.1290218,13,Event
51.4989034,-0.1789927,13,Event
50.9333259,-1.3992109,15,Event
51.5214064,-0.0841784,13,Event
51.5101095,-0.091093,13,Event
51.483663,-3.167169,7,Event
52.9559736,-1.1519593,18,Event
51.5181986,-0.0904065,13,Event
51.4950539,-0.211456,13,Event
51.5316498,-0.1287455,13,Event
51.425673,-0.5630625,19,Event
51.5099502,-0.1192353,13,Event
51.5288614,-0.1280872,13,Event
51.5076017,-0.1278165,13,Event
52.653964,-1.132912,18,Event
53.7521955,-2.5212606,20,Event
53.695675,-2.6803222,20,Event
51.5086296,-0.138725,13,Event
51.5086296,-0.138725,13,Event
51.5214064,-0.0841784,13,Event
55.0001551,-7.3049907,4,Event
51.5043555,-0.1258462,13,Event
54.5839293,-5.93172,4,Event
52.0668203,-2.7222751,7,Event
51.5214064,-0.0841784,13,Event
53.4668498,-2.2338837,10,Event
51.5073509,-0.1277583,13,Event
52.175826,0.141427,6,Event
53.380427,-2.9536276,20,Event
53.4051135,-2.96335,20,Event
53.8054238,-1.5536943,0,Event
51.4986952,-0.1550173,13,Event
51.516405,-0.088447,13,Event
51.5297451,-0.1265806,13,Event
51.5182638,-0.0829246,13,Event
53.78338,-3.057598,20,Event
55.8594376,-4.2555941,2,Event
52.2038249,0.1348076,6,Event
51.5181986,-0.0904065,13,Event
57.4752263,-4.1846329,17,Event
52.4606699,-1.9126426,5,Event
51.5002221,-0.1290273,13,Event
51.5217392,-0.1218956,13,Event
51.4282746,-0.5623352,19,Event
51.5182129,-0.1230719,13,Event
55.9458008,-3.1880672,8,Event
55.953252,-3.188267,8,Event
53.468257,-2.23653,10,Event
50.8935772,-1.3934831,15,Event
51.5051173,-0.1123309,13,Event
52.9508143,-1.1364618,18,Event
53.7968204,-1.547442,0,Event
53.3841238,-2.4958492,10,Event
51.238661,-0.5671116,19,Event
51.4941,0.0828,13,Event
52.3800625,-1.5616976,5,Event
51.5160773,-0.1467663,13,Event
51.5209223,-0.1383309,13,Event
54.9039688,-1.3781995,14,Event
53.8008,-1.5491,0,Event
50.82253,-0.137163,19,Event
52.2038249,0.1348076,6,Event
51.496283,-0.210726,13,Event
51.5215833,-0.1136068,13,Event
57.4752263,-4.1846329,17,Event
53.9455,-1.0562,0,Event
51.4037536,-3.3478767,7,Event
51.5214064,-0.0841784,13,Event
53.9608982,-2.0144122,0,Event
51.4786512,-3.1583741,7,Event
50.9086314,-1.4015651,15,Event
51.547256,-0.024172,13,Event
51.4941,0.0828,13,Event
52.4543747,-1.9335865,5,Event
54.60325,-5.967867,4,Event
52.7671699,-1.2278295,18,Event
53.9608982,-2.0144122,0,Event
51.5265432,-0.1344015,13,Event
51.5107324,-0.1169377,13,Event
53.9340583,-2.7509865,20,Event
51.2421839,-0.5905421,19,Event
54.0488582,-2.8043709,20,Event
52.2807326,-1.5029484,5,Event
51.8777259,0.9472069,12,Event
51.5108714,-0.1216722,13,Event
51.4643353,-3.1854351,7,Event
51.5160074,-0.1644426,13,Event
51.5278,-0.078,13,Event
51.5155664,-0.1635991,13,Event
51.4364982,-1.0690346,15,Event
52.1978018,0.1285657,6,Event
50.1717304,-5.1278993,16,Event
53.9649139,-1.0800959,0,Event
51.8342976,-2.3173724,11,Event
51.5215833,-0.1136068,13,Event
52.6724285,-2.4423765,10,Event
51.404098,-3.2753413,7,Event
51.49907,-0.176375,13,Event
54.6252084,-1.3503137,14,Event
55.9470345,-3.1967011,8,Event
52.0733006,-1.0146634,1,Event
51.6182754,-1.4149612,15,Event
52.3785388,-1.2542825,5,Event
51.522175,-0.0835,13,Event
51.3305138,1.3998364,12,Event
52.6420767,-1.1443157,18,Event
55.9480978,-3.1852777,8,Event
52.2071205,0.1175924,6,Event
52.8759608,-1.243911,18,Event
51.7163,-1.218156,15,Event
50.9371957,-1.4047795,15,Event
53.4724766,-2.2394634,10,Event
54.5728788,-1.2338983,14,Event
51.5197736,-0.1183596,13,Event
51.4972946,-0.1765027,13,Event
51.4992237,-0.1748069,13,Event
51.5563039,-2.5649195,7,Event
51.2029753,-1.4867233,15,Event
52.9250287,-1.4540158,18,Event
53.4082,-2.5893,10,Event
51.6889052,-4.1780944,3,Event
55.1311345,-6.6729712,4,Event
52.1966307,-2.2437565,5,Event
54.304568,-2.192379,14,Event
51.512651,-0.084829,13,Event
51.5246243,-0.0856063,13,Event
51.5155664,-0.1635991,13,Event
51.7519296,0.6530964,12,Event
54.304568,-2.192379,14,Event
53.4713748,-2.2413917,10,Event
53.7634781,-2.7101615,20,Event
55.953252,-3.188267,8,Event
51.404098,-3.2753413,7,Event
56.4633316,-2.9739572,8,Event
51.4282746,-0.5623352,19,Event
51.5349086,-0.1216933,13,Event
53.2884346,-3.7379693,20,Event
52.1453998,0.1529269,6,Event
53.475435,-2.245923,10,Event
53.7634781,-2.7101615,20,Event
55.944781,-3.187282,8,Event
51.5046984,-2.5494589,7,Event
51.4928092,-0.1203195,13,Event
54.5952743,-5.8095581,4,Event
50.7836712,0.270926,19,Event
52.7052637,-2.4473049,10,Event
54.969366,-1.6142687,14,Event
51.5245998,-0.0816266,13,Event
50.3745284,-4.1406465,16,Event
51.4941,0.0828,13,Event
53.3810017,-1.4886045,0,Event
50.8420449,-0.1198916,19,Event
53.4833089,-2.2329376,10,Event
51.7521579,-1.2619056,15,Event
55.923077,-3.1717226,8,Event
55.9532225,-3.194747,8,Event
53.462472,-1.967044,10,Event
51.5107902,-0.1217083,13,Event
51.5107902,-0.1217083,13,Event
51.4947429,-0.0631839,13,Event
51.4782085,-3.1826341,7,Event
51.75883,-1.253712,15,Event
50.0490396,-5.1830784,16,Event
51.5180124,-0.1228642,13,Event
50.358529,-4.128035,16,Event
51.5185508,-0.0861143,13,Event
51.4629407,-2.6235847,7,Event
53.4713748,-2.2413917,10,Event
52.194317,0.134587,6,Event
52.4067962,-1.7964631,5,Event
51.4966412,-0.2105574,13,Event
51.5237833,-0.1047939,13,Event
51.5160074,-0.1644426,13,Event
51.5160074,-0.1644426,13,Event
51.4941,0.0828,13,Event
55.9386861,-3.1715222,8,Event
52.6420767,-1.1443157,18,Event
51.104776,-0.198321,19,Event
51.5144918,-0.0803065,13,Event
54.304568,-2.192379,14,Event
51.3581151,-2.9285802,7,Event
53.4840582,-2.2361607,10,Event
52.5886244,-2.130491,5,Event
53.4840582,-2.2361607,10,Event
52.0523817,1.1634152,12,Event
53.5505894,-1.4804747,0,Event
53.7947472,-1.7455882,0,Event
52.3831611,-1.5620634,5,Event
52.4687278,-1.7787558,5,Event
51.5291508,-0.0785026,13,Event
52.4444337,-1.7225726,5,Event
53.7634781,-2.7101615,20,Event
51.5099163,-0.1271412,13,Event
51.5238311,-0.0386544,13,Event
53.4830083,-2.2332104,10,Event
52.3775859,-1.9580451,5,Event
51.4988,-0.1749,13,Event
57.3589462,-2.0589571,9,Event
53.4029753,-2.9797309,20,Event
50.8030046,-0.0569453,19,Event
53.4840582,-2.2361607,10,Event
51.5440454,0.7023711,12,Event
53.9575059,-0.9759675,0,Event
53.7947472,-1.7455882,0,Event
53.7634781,-2.7101615,20,Event
51.4810961,-0.008024,13,Event
51.4769269,-3.176146,7,Event
51.5299717,-0.1276759,13,Event
51.4764667,-3.1809844,7,Event
51.4546264,-0.8933883,15,Event
54.6036348,-5.9275369,4,Event
54.4051786,-1.7360949,14,Event
50.7836712,0.270926,19,Event
51.5195998,-0.1817608,13,Event
53.4840582,-2.2361607,10,Event
53.4840582,-2.2361607,10,Event
51.5248703,-0.1390121,13,Event
53.3809409,-1.4879469,0,Event
52.4133206,-1.7792657,5,Event
52.407999,-1.5057217,5,Event
51.7521579,-1.2619056,15,Event
52.2488408,-0.8098507,1,Event
55.945235,-3.221106,8,Event
52.3800625,-1.5616976,5,Event
52.1966307,-2.2437565,5,Event
52.620681,-1.1106134,18,Event
52.0880131,-2.3415154,5,Event
51.5204932,-0.001091,13,Event
50.7401153,-1.8789531,11,Event
53.7634781,-2.7101615,20,Event
53.7634781,-2.7101615,20,Event
53.7634781,-2.7101615,20,Event
53.7634781,-2.7101615,20,Event
53.7634781,-2.7101615,20,Event
53.7591497,-2.6982799,20,Event
51.4525638,-2.5999901,7,Event
51.4769269,-3.176146,7,Event
51.4525638,-2.5999901,7,Event
51.4546264,-0.8933883,15,Event
51.4546264,-0.8933883,15,Event
51.4546264,-0.8933883,15,Event
51.4546264,-0.8933883,15,Event
51.4546264,-0.8933883,15,Event
51.4546264,-0.8933883,15,Event
51.4546264,-0.8933883,15,Event
51.5074,-0.1278,13,Event
51.5074,-0.1278,13,Event
51.5073509,-0.1277583,13,Event
52.2016671,0.1177882,6,Event
52.6420767,-1.1443157,18,Event
54.603576,-5.927396,4,Event
55.8598446,-4.2594089,2,Event
51.4987997,-0.1748772,13,Event
52.2148976,-0.4588026,1,Event
55.779699,-4.0972186,2,Event
55.9381534,-3.1744922,8,Event
53.4029753,-2.9797309,20,Event
53.4029753,-2.9797309,20,Event
53.4029753,-2.9797309,20,Event
51.5198587,-0.0987102,13,Event
51.5198587,-0.0987102,13,Event
50.8030046,-0.0569453,19,Event
50.8030046,-0.0569453,19,Event
55.8603581,-4.2584732,2,Event
51.4651854,-0.2224293,13,Event
51.4651854,-0.2224293,13,Event
50.82253,-0.137163,19,Event
55.8427116,-4.2687452,2,Event
51.9984682,-0.7438704,1,Event
54.304568,-2.192379,14,Event
53.486285,-2.2400908,10,Event
54.304568,-2.192379,14,Event
51.5151011,-0.0837873,13,Event
53.4840582,-2.2361607,10,Event
51.4947961,-0.3111115,13,Event
51.4947961,-0.3111115,13,Event
51.4947961,-0.3111115,13,Event
51.5073509,-0.1277583,13,Event
56.462018,-2.970721,8,Event
51.5123443,-0.0909852,13,Event
56.462018,-2.970721,8,Event
51.5181986,-0.0904065,13,Event
55.9507534,-3.1767356,8,Event
53.7389905,-0.3328126,18,Event
51.5117321,-0.1232697,13,Event
52.636525,-2.4507477,10,Event
52.6736762,-2.4466238,10,Event
52.6992639,-2.5187145,10,Event
52.7686108,-2.3784951,10,Event
51.5123443,-0.0909852,13,Event
56.462,-2.9707,8,Event
53.3752228,-1.4703932,0,Event
51.513423,-0.076088,13,Event
51.4942539,-0.1414756,13,Event
51.513423,-0.076088,13,Event
51.3397732,0.7378608,12,Event
51.5212714,-0.0841539,13,Event
51.5212714,-0.0841539,13,Event
51.5212714,-0.0841539,13,Event
52.43299,-1.413739,5,Event
53.4643742,-2.2891065,10,Event
52.4869104,-1.8878984,5,Event
55.8427116,-4.2687452,2,Event
55.8427116,-4.2687452,2,Event
54.978252,-1.61778,14,Event
52.6742489,-2.4509921,10,Event
52.6742489,-2.4509921,10,Event
52.3800625,-1.5616976,5,Event
52.3800625,-1.5616976,5,Event
51.5463699,-0.0739332,13,Event
51.5584069,0.0755874,13,Event
51.8904,0.8989,12,Event
52.1966307,-2.2437565,5,Event
52.1957662,-2.2257664,5,Event
51.8904,0.8989,12,Event
52.9250287,-1.4540158,18,Event
53.4029753,-2.9797309,20,Event
53.4029753,-2.9797309,20,Event
53.4029753,-2.9797309,20,Event
52.6741075,-2.4471613,10,Event
52.6741075,-2.4471613,10,Event
53.5448012,-2.630382,20,Event
53.4640662,-2.246924,10,Event
51.5485236,0.5057226,12,Event
57.4776051,-4.2257896,17,Event
51.5250952,-0.0712392,13,Event
51.5076355,-0.0737034,13,Event
57.4776051,-4.2257896,17,Event
57.4776051,-4.2257896,17,Event
57.4776051,-4.2257896,17,Event
51.5086296,-0.138725,13,Event
51.5086296,-0.138725,13,Event
55.8618966,-4.2453254,2,Event
51.5357184,-0.1058961,13,Event
55.0001551,-7.3049907,4,Event
51.6059771,-1.2611524,15,Event
51.4978095,-0.1745235,13,Event
51.4565692,-2.6044094,7,Event
51.5007013,-0.1290218,13,Event
51.5214064,-0.0841784,13,Event
51.5076017,-0.1278165,13,Event
51.4950539,-0.211456,13,Event
51.5214064,-0.0841784,13,Event
51.425673,-0.5630625,19,Event
51.5245998,-0.0816266,13,Event
51.5214064,-0.0841784,13,Event
51.75883,-1.253712,15,Event
52.0364259,-0.7674432,1,Event
53.4051135,-2.96335,20,Event
53.4668498,-2.2338837,10,Event
51.547256,-0.024172,13,Event
51.3031274,-2.3255939,11,Event
52.175826,0.141427,6,Event
51.5181986,-0.0904065,13,Event
55.9230229,-3.1950366,8,Event
53.380427,-2.9536276,20,Event
51.5268021,-0.1298694,13,Event
55.953252,-3.188267,8,Event
51.2421839,-0.5905421,19,Event
50.9086314,-1.4015651,15,Event
50.9371957,-1.4047795,15,Event
51.5277891,-0.3573494,13,Event
53.8008,-1.5491,0,Event
52.4606699,-1.9126426,5,Event
52.3800625,-1.5616976,5,Event
51.5242528,-0.1350838,13,Event
51.5350432,-0.1221586,13,Event
51.5299658,-0.1276734,13,Event
51.8874964,-2.0887879,11,Event
51.5002221,-0.1290273,13,Event
51.2425719,-0.5879459,19,Event
51.5214064,-0.0841784,13,Event
54.5728788,-1.2338983,14,Event
54.5839293,-5.93172,4,Event
51.4947429,-0.0631839,13,Event
52.3831611,-1.5620634,5,Event
51.5012679,-0.1248698,13,Event
55.8603294,-4.2455482,2,Event
53.9608982,-2.0144122,0,Event
53.9608982,-2.0144122,0,Event
53.9608982,-2.0144122,0,Event
54.9729236,-1.6084101,14,Event
55.378051,-3.435973,21,Event
50.9079836,-1.4001949,15,Event
51.4782085,-3.1826341,7,Event
51.5215833,-0.1136068,13,Event
51.5108145,-0.1216653,13,Event
55.945235,-3.221106,8,Event
53.4713748,-2.2413917,10,Event
51.4932783,-0.1200288,13,Event
50.8995193,-1.3915425,15,Event
51.5197736,-0.1183596,13,Event
51.4966412,-0.2105574,13,Event
50.937611,-1.3983076,15,Event
51.5890596,-3.3269295,7,Event
51.5349086,-0.1216933,13,Event
51.0632348,-0.3258369,19,Event
51.62144,-3.943646,3,Event
51.5046984,-2.5494589,7,Event
54.5763061,-5.934948,4,Event
51.512651,-0.084829,13,Event
53.4643742,-2.2891065,10,Event
52.4307628,-1.4033854,5,Event
53.4627361,-2.2370466,10,Event
53.3810017,-1.4886045,0,Event
51.3781162,-2.3272635,11,Event
51.5092548,-0.1397032,13,Event
51.5161382,-0.1576897,13,Event
51.4947961,-0.3111115,13,Event
53.4640662,-2.246924,10,Event
53.7960405,-1.5585725,0,Event
51.5240884,-0.0826162,13,Event
52.9519193,-1.1837196,18,Event
54.50865,-6.76393,4,Event
51.4615,-0.9359032,15,Event
53.3878058,-2.348386,10,Event
51.5238311,-0.0386544,13,Event
50.9371957,-1.4047795,15,Event
51.5151536,-0.0838496,13,Event
53.9575059,-0.9759675,0,Event
51.9984682,-0.7438704,1,Event
50.8030046,-0.0569453,19,Event
50.8030046,-0.0569453,19,Event
51.5214064,-0.0841784,13,Event
55.8520679,-4.2491072,2,Event
51.5299717,-0.1276759,13,Event
54.6036348,-5.9275369,4,Event
54.6094943,-5.9344803,4,Event
52.4869104,-1.8878984,5,Event
55.8443557,-4.441126,2,Event
53.2742944,-2.8267949,20,Event
52.212305,0.116602,6,Event
53.7591497,-2.6982799,20,Event
51.6634476,-0.4003629,13,Event
51.5569879,-0.1411791,13,Event
52.3555177,-1.1743197,1,Event
52.3555177,-1.1743197,1,Event
52.3555177,-1.1743197,1,Event
50.8030046,-0.0569453,19,Event
52.9274431,-1.2178972,18,Event
50.950027,-2.636036,7,Event
53.6413387,-1.7775429,0,Event
56.462,-2.9707,8,Event
50.8030046,-0.0569453,19,Event
50.8030046,-0.0569453,19,Event
50.8030046,-0.0569453,19,Event
50.8030046,-0.0569453,19,Event
50.8030046,-0.0569453,19,Event
50.8030046,-0.0569453,19,Event
52.5886244,-2.130491,5,Event
52.5886244,-2.130491,5,Event
50.8030046,-0.0569453,19,Event
50.8030046,-0.0569453,19,Event
50.8030046,-0.0569453,19,Event
50.8030046,-0.0569453,19,Event
51.6059771,-1.2611524,15,Event
51.5075639,-0.0737312,13,Event
51.519678,-0.1318957,13,Event
52.62978,-1.13937,18,Event
53.4833089,-2.2329376,10,Event
52.488656,-1.8872211,5,Event
52.4048792,-1.4992448,5,Event
52.4787818,-1.8970261,5,Event
53.7966436,-1.5338453,0,Event
55.9453,-3.18216,8,Event
55.9445,-3.19458,8,Event
55.9445,-3.19458,8,Event
55.9445,-3.19458,8,Event
55.9445,-3.19458,8,Event
55.9445,-3.19458,8,Event
55.9445,-3.19458,8,Event
55.9445,-3.19458,8,Event
55.9445,-3.19458,8,Event
55.9445,-3.19458,8,Event
55.9445,-3.19458,8,Event
55.9445,-3.19458,8,Event
55.8617,-4.26066,2,Event
54.764986,-1.578203,14,Paper
51.754816,-1.254367,15,Paper
53.380941,-1.487947,0,Paper
51.44142,-0.941816,15,Paper
51.44142,-0.941816,15,Paper
51.474271,-0.035408,13,Paper
51.4988,-0.174877,13,Paper
52.450817,-1.930513,5,Paper
51.4988,-0.174877,13,Paper
51.524559,-0.13404,13,Paper
55.944516,-3.189241,8,Paper
51.524559,-0.13404,13,Paper
51.4988,-0.174877,13,Paper
51.524559,-0.13404,13,Paper
51.4988,-0.174877,13,Paper
51.4988,-0.174877,13,Paper
50.742365,-1.895636,11,Paper
50.93658,-1.396017,15,Paper
54.979187,-1.614661,14,Paper
51.511486,-0.115997,13,Paper
51.524559,-0.13404,13,Paper
51.524559,-0.13404,13,Paper
54.764986,-1.578203,14,Paper
53.380941,-1.487947,0,Paper
55.866154,-4.250804,2,Paper
51.458417,-2.602979,7,Paper
51.486627,-3.178864,7,Paper
51.877943,-0.410402,1,Paper
52.467297,-1.926621,5,Paper
53.405936,-2.965572,20,Paper
50.867089,-0.087914,19,Paper
52.938636,-1.195158,18,Paper
51.524559,-0.13404,13,Paper
51.511486,-0.115997,13,Paper
53.642839,-1.778088,0,Paper
55.872121,-4.288201,2,Paper
51.44142,-0.941816,15,Paper
54.979187,-1.614661,14,Paper
53.791435,-1.766175,0,Paper
52.074461,-0.629289,1,Paper
52.938636,-1.195158,18,Paper
52.074461,-0.629289,1,Paper
52.938636,-1.195158,18,Paper
55.90966,-3.320349,8,Paper
53.380941,-1.487947,0,Paper
55.944516,-3.189241,8,Paper
55.862828,-4.242853,2,Paper
55.90966,-3.320349,8,Paper
51.242184,-0.590542,19,Paper
52.210891,0.091732,6,Paper
52.632283,-1.124859,18,Paper
53.803643,-1.547429,0,Paper
51.877943,-0.410402,1,Paper
51.877726,0.947207,12,Paper
52.450817,-1.930513,5,Paper
51.485432,-3.181384,7,Paper
57.16476,-2.101526,9,Paper
51.44142,-0.941816,15,Paper
50.93658,-1.396017,15,Paper
51.498224,-0.102086,13,Paper
54.979187,-1.614661,14,Paper
51.520589,-0.145472,13,Paper
53.806682,-1.555033,0,Paper
55.872121,-4.288201,2,Paper
51.458417,-2.602979,7,Paper
51.498224,-0.102086,13,Paper
51.500134,-2.54753,7,Paper
51.378116,-2.327263,11,Paper
51.511486,-0.115997,13,Paper
51.498224,-0.102086,13,Paper
53.773703,-0.368078,18,Paper
51.511486,-0.115997,13,Paper
50.867089,-0.087914,19,Paper
52.198361,0.120673,6,Paper
51.511486,-0.115997,13,Paper
51.500134,-2.54753,7,Paper
52.450817,-1.930513,5,Paper
51.458417,-2.602979,7,Paper
51.500134,-2.54753,7,Paper
51.44142,-0.941816,15,Paper
52.938636,-1.195158,18,Paper
51.524067,-0.040375,13,Paper
51.425673,-0.563063,19,Paper
53.806682,-1.555033,0,Paper
55.006236,-7.323611,4,Paper
53.484586,-2.270755,10,Paper
51.877726,0.947207,12,Paper
51.524559,-0.13404,13,Paper
52.418282,-4.063887,3,Paper
51.525083,-0.136355,13,Paper
55.944516,-3.189241,8,Paper
54.584409,-5.934049,4,Paper
56.458245,-2.982143,8,Paper
53.380941,-1.487947,0,Paper
52.938636,-1.195158,18,Paper
52.418282,-4.063887,3,Paper
51.524559,-0.13404,13,Paper
53.22952,-4.129987,3,Paper
53.378239,-1.465886,0,Paper
52.450817,-1.930513,5,Paper
51.877943,-0.410402,1,Paper
52.418282,-4.063887,3,Paper
55.872121,-4.288201,2,Paper
55.862828,-4.242853,2,Paper
51.511486,-0.115997,13,Paper
53.484586,-2.270755,10,Paper
52.418282,-4.063887,3,Paper
54.979187,-1.614661,14,Paper
52.450817,-1.930513,5,Paper
51.761756,-0.2468,13,Paper
53.642839,-1.778088,0,Paper
51.761756,-0.2468,13,Paper
50.742365,-1.895636,11,Paper
51.511486,-0.115997,13,Paper
52.379252,-1.56147,5,Paper
51.761756,-0.2468,13,Paper
53.405936,-2.965572,20,Paper
55.872121,-4.288201,2,Paper
53.46685,-2.233884,10,Paper
51.4988,-0.174877,13,Paper
52.450817,-1.930513,5,Paper
55.86286,-4.241607,2,Paper
51.498875,-0.118165,13,Paper
51.524559,-0.13404,13,Paper
50.93658,-1.396017,15,Paper
51.511486,-0.115997,13,Paper
53.806682,-1.555033,0,Paper
51.4988,-0.174877,13,Paper
52.769227,-1.224632,18,Paper
52.450817,-1.930513,5,Paper
51.4988,-0.174877,13,Paper
52.379252,-1.56147,5,Paper
51.500134,-2.54753,7,Paper
51.522576,-0.122513,13,Paper
53.806682,-1.555033,0,Paper
52.938636,-1.195158,18,Paper
52.204267,0.114908,6,Paper
55.944516,-3.189241,8,Paper
51.511486,-0.115997,13,Paper
53.380941,-1.487947,0,Paper
51.500134,-2.54753,7,Paper
51.44142,-0.941816,15,Paper
51.4988,-0.174877,13,Paper
51.4988,-0.174877,13,Paper
51.524559,-0.13404,13,Paper
51.754816,-1.254367,15,Paper
51.877943,-0.410402,1,Paper
50.865958,-0.090114,19,Paper
53.46685,-2.233884,10,Paper
53.484586,-2.270755,10,Paper
51.485432,-3.181384,7,Paper
51.298467,1.070994,12,Paper
52.450817,-1.930513,5,Paper
51.754816,-1.254367,15,Paper
53.380941,-1.487947,0,Paper
52.204132,0.103615,6,Paper
52.407175,-1.503746,5,Paper
53.484586,-2.270755,10,Paper
52.769227,-1.224632,18,Paper
53.378239,-1.465886,0,Paper
52.467297,-1.926621,5,Paper
50.937474,-1.39788,15,Paper
51.486627,-3.178864,7,Paper
51.877943,-0.410402,1,Paper
52.204267,0.114908,6,Paper
51.486627,-3.178864,7,Paper
51.877943,-0.410402,1,Paper
51.4988,-0.174877,13,Paper
52.938636,-1.195158,18,Paper
51.877726,0.947207,12,Paper
51.498224,-0.102086,13,Paper
51.511486,-0.115997,13,Paper
51.761756,-0.2468,13,Paper
52.938463,-1.496521,18,Paper
52.769227,-1.224632,18,Paper
50.892805,-1.394525,15,Paper
50.892805,-1.394525,15,Paper
54.979187,-1.614661,14,Paper
54.764986,-1.578203,14,Paper
53.46685,-2.233884,10,Paper
55.006236,-7.323611,4,Paper
54.589151,-5.923617,4,Paper
50.892805,-1.394525,15,Paper
50.93658,-1.396017,15,Paper
54.584409,-5.934049,4,Paper
55.90966,-3.320349,8,Paper
50.892805,-1.394525,15,Paper
51.533158,-0.469211,13,Paper
56.458245,-2.982143,8,Paper
55.944516,-3.189241,8,Paper
53.484586,-2.270755,10,Paper
51.524559,-0.13404,13,Paper
53.403402,-2.971285,20,Paper
54.584409,-5.934049,4,Paper
52.025035,-0.708403,1,Paper
52.48281,-1.885094,5,Paper
52.769227,-1.224632,18,Paper
51.761756,-0.2468,13,Paper
51.759821,-1.258473,15,Paper
55.944516,-3.189241,8,Paper
51.403243,-0.303488,13,Paper
51.458417,-2.602979,7,Paper
51.527825,-0.102544,13,Paper
54.010394,-2.787729,20,Paper
54.010394,-2.787729,20,Paper
52.204267,0.114908,6,Paper
57.16476,-2.101526,9,Paper
51.242184,-0.590542,19,Paper
53.009066,-2.176138,10,Paper
52.052215,1.16334,12,Paper
52.938636,-1.195158,18,Paper
50.93658,-1.396017,15,Paper
51.524559,-0.13404,13,Paper
50.867089,-0.087914,19,Paper
51.4988,-0.174877,13,Paper
51.754816,-1.254367,15,Paper
51.242184,-0.590542,19,Paper
52.769227,-1.224632,18,Paper
54.010394,-2.787729,20,Paper
51.482563,-0.006757,13,Paper
52.602126,-1.233388,18,Paper
53.46685,-2.233884,10,Paper
51.458417,-2.602979,7,Paper
54.584409,-5.934049,4,Paper
52.379252,-1.56147,5,Paper
54.010394,-2.787729,20,Paper
53.380941,-1.487947,0,Paper
54.010394,-2.787729,20,Paper
51.524559,-0.13404,13,Paper
51.44142,-0.941816,15,Paper
51.524559,-0.13404,13,Paper
52.938463,-1.496521,18,Paper
52.602126,-1.233388,18,Paper
52.602126,-1.233388,18,Paper
51.527825,-0.102544,13,Paper
51.458417,-2.602979,7,Paper
55.780579,-4.048151,2,Paper
52.938636,-1.195158,18,Paper
54.010394,-2.787729,20,Paper
57.16476,-2.101526,9,Paper
50.93658,-1.396017,15,Paper
51.877726,0.947207,12,Paper
55.862828,-4.242853,2,Paper
55.944516,-3.189241,8,Paper
51.589755,-0.228299,13,Paper
51.524067,-0.040375,13,Paper
53.791435,-1.766175,0,Paper
51.242184,-0.590542,19,Paper
52.074461,-0.629289,1,Paper
51.524559,-0.13404,13,Paper
51.242184,-0.590542,19,Paper
51.378116,-2.327263,11,Paper
51.298467,1.070994,12,Paper
51.589755,-0.228299,13,Paper
51.242184,-0.590542,19,Paper
51.242184,-0.590542,19,Paper
51.511486,-0.115997,13,Paper
53.403402,-2.971285,20,Paper
51.4988,-0.174877,13,Paper
51.242184,-0.590542,19,Paper
54.010394,-2.787729,20,Paper
50.93658,-1.396017,15,Paper
52.95652,-1.152075,18,Paper
51.610608,-3.976394,3,Paper
53.403402,-2.971285,20,Paper
51.298467,1.070994,12,Paper
51.44142,-0.941816,15,Paper
51.511486,-0.115997,13,Paper
53.403402,-2.971285,20,Paper
51.50688,-0.303358,13,Paper
51.242184,-0.590542,19,Paper
51.50688,-0.303358,13,Paper
57.16476,-2.101526,9,Paper
51.589755,-0.228299,13,Paper
54.010394,-2.787729,20,Paper
50.742365,-1.895636,11,Paper
50.93658,-1.396017,15,Paper
55.945884,-3.199017,8,Paper
51.458417,-2.602979,7,Paper
52.769227,-1.224632,18,Paper
51.242184,-0.590542,19,Paper
51.877943,-0.410402,1,Paper
50.737137,-3.535147,16,Paper
51.403243,-0.303488,13,Paper
54.010394,-2.787729,20,Paper
52.769227,-1.224632,18,Paper
53.806682,-1.555033,0,Paper
53.380941,-1.487947,0,Paper
54.010394,-2.787729,20,Paper
51.524559,-0.13404,13,Paper
51.458417,-2.602979,7,Paper
51.877726,0.947207,12,Paper
55.945884,-3.199017,8,Paper
50.93658,-1.396017,15,Paper
51.589755,-0.228299,13,Paper
51.242184,-0.590542,19,Paper
51.524559,-0.13404,13,Paper
51.242184,-0.590542,19,Paper
50.93658,-1.396017,15,Paper
53.009066,-2.176138,10,Paper
53.764503,-2.70835,20,Paper
51.4988,-0.174877,13,Paper
55.917935,-3.23968,8,Paper
50.93658,-1.396017,15,Paper
52.407175,-1.503746,5,Paper
51.754816,-1.254367,15,Paper
51.511486,-0.115997,13,Paper
52.48281,-1.885094,5,Paper
52.203267,0.134511,6,Paper
51.877726,0.947207,12,Paper
55.917935,-3.23968,8,Paper
55.872121,-4.288201,2,Paper
50.93658,-1.396017,15,Paper
51.524559,-0.13404,13,Paper
51.458417,-2.602979,7,Paper
52.602126,-1.233388,18,Paper
51.511486,-0.115997,13,Paper
51.524067,-0.040375,13,Paper
51.524067,-0.040375,13,Paper
50.842045,-0.119892,19,Paper
55.945884,-3.199017,8,Paper
54.979187,-1.614661,14,Paper
52.203267,0.134511,6,Paper
51.242184,-0.590542,19,Paper
52.938636,-1.195158,18,Paper
55.917935,-3.23968,8,Paper
52.210891,0.091732,6,Paper
53.791435,-1.766175,0,Paper
51.242184,-0.590542,19,Paper
51.242184,-0.590542,19,Paper
51.242184,-0.590542,19,Paper
51.877943,-0.410402,1,Paper
52.938463,-1.496521,18,Paper
51.500134,-2.54753,7,Paper
51.524067,-0.040375,13,Paper
51.242184,-0.590542,19,Paper
50.93658,-1.396017,15,Paper
52.95652,-1.152075,18,Paper
51.4988,-0.174877,13,Paper
51.761756,-0.2468,13,Paper
51.242184,-0.590542,19,Paper
53.806682,-1.555033,0,Paper
51.877943,-0.410402,1,Paper
53.403402,-2.971285,20,Paper
51.242184,-0.590542,19,Paper
52.938636,-1.195158,18,Paper
50.93658,-1.396017,15,Paper
51.524067,-0.040375,13,Paper
54.010394,-2.787729,20,Paper
53.405936,-2.965572,20,Paper
55.944516,-3.189241,8,Paper
55.917935,-3.23968,8,Paper
52.025035,-0.708403,1,Paper
51.524559,-0.13404,13,Paper
51.4988,-0.174877,13,Paper
51.877726,0.947207,12,Paper
51.425673,-0.563063,19,Paper
52.379252,-1.56147,5,Paper
51.524067,-0.040375,13,Paper
51.511486,-0.115997,13,Paper
51.242184,-0.590542,19,Paper
51.524559,-0.13404,13,Paper
51.242184,-0.590542,19,Paper
53.806682,-1.555033,0,Paper
52.418282,-4.063887,3,Paper
53.403402,-2.971285,20,Paper
54.010394,-2.787729,20,Paper
51.242184,-0.590542,19,Paper
51.877943,-0.410402,1,Paper
51.524559,-0.13404,13,Paper
54.979187,-1.614661,14,Paper
51.458417,-2.602979,7,Paper
51.511486,-0.115997,13,Paper
53.46685,-2.233884,10,Paper
51.242184,-0.590542,19,Paper
55.917935,-3.23968,8,Paper
52.025035,-0.708403,1,Paper
51.242184,-0.590542,19,Paper
51.242184,-0.590542,19,Paper
54.010394,-2.787729,20,Paper
51.242184,-0.590542,19,Paper
51.458417,-2.602979,7,Paper
55.780579,-4.048151,2,Paper
51.242184,-0.590542,19,Paper
51.458417,-2.602979,7,Paper
54.979187,-1.614661,14,Paper
55.944516,-3.189241,8,Paper
52.450817,-1.930513,5,Paper
53.470975,-2.238764,10,Paper
52.621139,-1.124632,18,Paper
51.524067,-0.040375,13,Paper
50.93658,-1.396017,15,Paper
51.458417,-2.602979,7,Paper
52.938636,-1.195158,18,Paper
54.979187,-1.614661,14,Paper
52.025035,-0.708403,1,Paper
51.524559,-0.13404,13,Paper
51.458417,-2.602979,7,Paper
52.602126,-1.233388,18,Paper
51.533158,-0.469211,13,Paper
51.524559,-0.13404,13,Paper
52.769227,-1.224632,18,Paper
55.945884,-3.199017,8,Paper
51.877943,-0.410402,1,Paper
52.938463,-1.496521,18,Paper
56.458245,-2.982143,8,Paper
51.242184,-0.590542,19,Paper
55.944516,-3.189241,8,Paper
55.917935,-3.23968,8,Paper
51.242184,-0.590542,19,Paper
51.242184,-0.590542,19,Paper
51.4988,-0.174877,13,Paper
51.4988,-0.174877,13,Paper
51.458417,-2.602979,7,Paper
51.458417,-2.602979,7,Paper
52.450817,-1.930513,5,Paper
52.204267,0.114908,6,Paper
53.46685,-2.233884,10,Paper
51.242184,-0.590542,19,Paper
52.074461,-0.629289,1,Paper
50.93658,-1.396017,15,Paper
50.93658,-1.396017,15,Paper
51.533158,-0.469211,13,Paper
52.074461,-0.629289,1,Paper
51.760218,-1.259715,15,Paper
55.862828,-4.242853,2,Paper
53.46685,-2.233884,10,Paper
51.760218,-1.259715,15,Paper
51.754816,-1.254367,15,Paper
52.204267,0.114908,6,Paper
50.93658,-1.396017,15,Paper
53.380941,-1.487947,0,Paper
50.93658,-1.396017,15,Paper
53.380941,-1.487947,0,Paper
50.116643,-5.5363921,16,Business
50.265508,-5.0454822,16,Business
50.320308,-3.9166912,16,Business
50.385816,-4.0205891,16,Business
50.386794,-4.0170996,16,Business
50.387865,-4.0514714,16,Business
50.413908,-5.0779706,16,Business
50.514423,-5.0175667,16,Business
50.515373,-4.8537783,16,Business
50.531238,-2.445047,11,Business
50.58238,-4.7570007,16,Business
50.614785,-1.9761032,11,Business
50.614981,-2.4896108,11,Business
50.615521,-3.6242866,16,Business
50.617771,-4.6836585,16,Business
50.654264,-1.1589537,15,Business
50.680286,-1.3982708,15,Business
50.69348,-1.3184216,15,Business
50.710425,-1.1792083,15,Business
50.712836,-1.291839,15,Business
50.719727,-2.0747563,11,Business
50.72382,-3.5949897,16,Business
50.72848,-3.4689426,16,Business
50.731159,-3.4003589,16,Business
50.736185,-3.4833551,16,Business
50.738924,-1.9548971,11,Business
50.751403,-2.34629,11,Business
50.768406,0.2816394,19,Business
50.771062,0.28015172,19,Business
50.771752,-0.73925234,19,Business
50.773081,0.1013358,19,Business
50.78169,-1.8527858,11,Business
50.790982,-3.6409607,16,Business
50.793534,-0.66650319,19,Business
50.796815,-0.67112079,19,Business
50.799847,-0.67837132,19,Business
50.80474,-1.9891344,11,Business
50.807362,0.067303644,19,Business
50.809444,-0.54039472,19,Business
50.812637,-0.55639186,19,Business
50.816127,-1.0861825,15,Business
50.817802,-0.50589297,19,Business
50.822288,-1.0502575,15,Business
50.827819,-1.0749362,15,Business
50.829857,-0.57890708,19,Business
50.832465,-0.78088613,19,Business
50.836141,-0.14338277,19,Business
50.836228,-0.20524449,19,Business
50.838682,-0.11339859,19,Business
50.840578,-0.50702633,19,Business
50.840714,-1.0828052,15,Business
50.841958,-1.1016991,15,Business
50.842565,-1.1307328,15,Business
50.846581,-1.0385572,15,Business
50.846827,-1.0677423,15,Business
50.847214,-1.795948,11,Business
50.852931,-1.3063984,15,Business
50.853647,-0.99353351,15,Business
50.853845,-1.7516384,11,Business
50.858611,-3.392651,7,Business
50.860335,-0.80447086,19,Business
50.861681,-3.3795561,7,Business
50.863771,-1.4247012,15,Business
50.875855,-2.9020188,7,Business
50.881073,-1.2433225,15,Business
50.88204,-0.30389309,19,Business
50.883368,-2.1316805,11,Business
50.887864,-0.91903868,15,Business
50.88885,0.19266524,19,Business
50.903858,-1.3686297,15,Business
50.904363,-1.3540598,15,Business
50.905017,-2.5735281,7,Business
50.916346,0.4851687,13,Business
50.919091,-1.4045013,15,Business
50.922512,-1.9484894,11,Business
50.922673,-1.4607672,15,Business
50.933842,-2.6611454,7,Business
50.936311,0.007060893,19,Business
50.953885,-0.44733078,19,Business
50.955234,-2.641944,7,Business
50.956097,0.59888999,13,Business
50.957933,-0.51446058,19,Business
50.958666,-0.14052547,19,Business
50.962565,-3.3018155,7,Business
50.963663,-0.147119,19,Business
50.976789,-1.3876115,15,Business
50.985483,-1.3704014,15,Business
50.990545,-0.10509579,19,Business
50.991637,-1.3119282,15,Business
50.995234,-1.3948926,15,Business
50.997969,-1.7573829,11,Business
51.004411,-0.93491824,15,Business
51.006084,-2.1970061,11,Business
51.017775,-4.2083365,16,Business
51.019685,-4.2071725,16,Business
51.019962,-3.0661491,7,Business
51.024418,-0.45150645,19,Business
51.026078,-3.1246384,7,Business
51.036856,-0.89903167,15,Business
51.043475,0.91515402,12,Business
51.059237,-1.3189035,15,Business
51.059605,-0.3392963,19,Business
51.060414,-4.0000918,16,Business
51.063837,-1.3151257,15,Business
51.065774,-1.7920643,11,Business
51.079087,-4.0568914,16,Business
51.079791,-4.0623765,16,Business
51.085197,-1.7973026,11,Business
51.086819,-0.60504422,19,Business
51.092826,0.043720646,13,Business
51.095944,-0.45394563,19,Business
51.09973,-1.69427,11,Business
51.105337,-0.21739677,19,Business
51.106635,-1.0582987,15,Business
51.110214,1.0638989,12,Business
51.123145,0.67069863,12,Business
51.129084,0.65437488,12,Business
51.132245,0.26150792,13,Business
51.133805,-0.013475224,13,Business
51.137621,-0.16557938,19,Business
51.138372,-0.93201092,15,Business
51.148643,-0.7035486,19,Business
51.150097,0.85388535,12,Business
51.150343,-2.7473597,7,Business
51.158912,0.89157573,12,Business
51.185686,-0.60525284,19,Business
51.192125,-3.1438605,7,Business
51.203931,-2.1659593,11,Business
51.206191,-0.79140268,19,Business
51.217612,-1.4773042,15,Business
51.22436,-0.20221879,19,Business
51.229467,-0.16795951,19,Business
51.230781,-0.16913917,19,Business
51.230979,-0.19464153,19,Business
51.236164,-2.3354381,11,Business
51.238449,-0.74712424,19,Business
51.238639,-0.1799728,19,Business
51.242918,-2.4454376,11,Business
51.252965,0.90471349,12,Business
51.262886,0.29464902,13,Business
51.267273,0.57730267,12,Business
51.274669,1.0886577,12,Business
51.275199,-2.2114456,11,Business
51.275443,-2.7774155,7,Business
51.282689,-0.24680399,19,Business
51.2836,-0.95131655,15,Business
51.288902,0.16880082,13,Business
51.30339,-0.77506609,19,Business
51.309458,-0.78177683,19,Business
51.309979,-0.24061314,13,Business
51.312725,-0.61457641,19,Business
51.312781,-0.59359741,19,Business
51.315629,0.88758836,12,Business
51.317922,-0.56598862,19,Business
51.324126,-0.19987049,13,Business
51.328588,-0.53915962,19,Business
51.331453,-0.75871574,19,Business
51.337129,-0.50407466,19,Business
51.337479,-2.9154305,7,Business
51.346408,-0.54759618,19,Business
51.347552,-0.09359371,13,Business
51.350232,0.71689242,12,Business
51.350306,-1.7304865,11,Business
51.350725,-0.59481988,19,Business
51.351875,-1.9957146,11,Business
51.353346,0.44420249,13,Business
51.359447,1.0421529,12,Business
51.360347,-0.14276193,13,Business
51.36268,-0.24508714,13,Business
51.36822,-0.2888647,13,Business
51.368515,-2.3848578,11,Business
51.371277,-0.094820984,13,Business
51.373011,-0.20700545,13,Business
51.375633,-0.89259259,15,Business
51.380951,-0.21168168,13,Business
51.384743,-2.8152066,7,Business
51.386214,-0.42619066,19,Business
51.391544,-0.28872772,13,Business
51.39176,-2.477222,7,Business
51.392081,-0.22268927,13,Business
51.393896,-0.10943466,13,Business
51.395415,-1.2237598,15,Business
51.401371,0.53892665,12,Business
51.408423,0.016579909,13,Business
51.408684,-1.3018937,15,Business
51.410045,-0.37097643,19,Business
51.410284,-0.16220781,13,Business
51.411862,0.55980041,12,Business
51.413056,-0.28943456,13,Business
51.416855,-0.52897035,19,Business
51.417166,-0.42755835,19,Business
51.419435,-1.5152732,15,Business
51.420116,-0.41287356,19,Business
51.424809,-0.036971211,13,Business
51.426016,0.047030381,13,Business
51.427924,-3.5521575,7,Business
51.428197,-0.25758177,13,Business
51.431252,-2.5412137,7,Business
51.431974,0.75135243,12,Business
51.4321,-0.47292254,19,Business
51.432215,-2.7569287,7,Business
51.436152,0.36870541,13,Business
51.441595,-2.8559731,7,Business
51.444302,0.22022158,13,Business
51.446163,0.26348685,13,Business
51.449527,-0.009616654,13,Business
51.451319,-2.5883657,7,Business
51.451408,-0.42212222,19,Business
51.451751,0.25027658,13,Business
51.452727,0.09722014,13,Business
51.452979,-2.5854368,7,Business
51.453891,-2.590097,7,Business
51.455626,-0.01130896,13,Business
51.458381,-2.6104494,7,Business
51.458572,-0.20795857,13,Business
51.461542,-2.577572,7,Business
51.462395,-0.30847863,13,Business
51.463512,-0.36700029,13,Business
51.467787,-2.6104598,7,Business
51.470539,-0.04084037,13,Business
51.474839,-0.21024433,13,Business
51.475306,-3.157483,7,Business
51.475391,-0.61054722,19,Business
51.476042,0.29336499,13,Business
51.476616,-3.1650327,7,Business
51.477329,-1.5531202,15,Business
51.478644,0.33736421,13,Business
51.481524,-3.2182976,7,Business
51.482603,0.14387329,13,Business
51.483072,-2.7962936,7,Business
51.483867,-1.0852587,15,Business
51.483959,-0.3323523,13,Business
51.485749,-0.63958493,19,Business
51.489532,-0.29531729,13,Business
51.492213,0.006892661,13,Business
51.492614,0.072269687,13,Business
51.49398,-0.20294009,13,Business
51.495159,-0.19247802,13,Business
51.497185,-0.25139379,13,Business
51.498388,-2.6645304,7,Business
51.498797,-0.094536177,13,Business
51.499195,-0.012856376,13,Business
51.500289,-0.18926381,13,Business
51.500558,-0.012638587,13,Business
51.500987,-2.6786148,7,Business
51.501135,-2.367102,11,Business
51.50305,-2.4813521,7,Business
51.503184,-0.24302328,13,Business
51.503978,-2.0394854,11,Business
51.504296,-0.42846594,13,Business
51.504471,-0.5009502,19,Business
51.505782,-3.1164559,7,Business
51.507773,-0.1366146,13,Business
51.507974,-0.59510353,19,Business
51.508112,-0.44294628,13,Business
51.508599,-0.14101939,13,Business
51.509962,-0.137952,13,Business
51.510717,-0.088749893,13,Business
51.510886,-0.098066963,13,Business
51.511245,0.42634374,13,Business
51.511461,-1.7260216,11,Business
51.512565,-0.10397799,13,Business
51.513556,0.17565079,13,Business
51.513729,-0.03378487,13,Business
51.513851,-0.14791077,13,Business
51.514171,-0.12331037,13,Business
51.514295,-0.14016774,13,Business
51.514923,-0.1236542,13,Business
51.515639,-0.6710064,19,Business
51.516184,-0.14811884,13,Business
51.516365,-0.13852685,13,Business
51.516898,-0.10721401,13,Business
51.516915,-0.10662234,13,Business
51.516947,-0.10473286,13,Business
51.517105,-0.094449634,13,Business
51.517325,-0.1424081,13,Business
51.517617,-0.08779804,13,Business
51.517919,0.050831576,13,Business
51.518537,-0.27166311,13,Business
51.519106,-0.30947732,13,Business
51.519658,-0.1194957,13,Business
51.520512,-0.11614519,13,Business
51.520592,-0.12219598,13,Business
51.521278,-1.959509,11,Business
51.522199,-0.27612271,13,Business
51.522838,-0.15153914,13,Business
51.524399,-0.16047121,13,Business
51.524543,-0.61213662,19,Business
51.525491,-0.40454193,13,Business
51.526604,0.45962863,12,Business
51.527011,-0.19542645,13,Business
51.527269,-0.089123626,13,Business
51.527512,-0.19586795,13,Business
51.529528,-0.26390868,13,Business
51.529989,0.036783309,13,Business
51.530153,0.44002313,12,Business
51.531392,-0.12113159,13,Business
51.532035,-2.4036798,11,Business
51.536134,0.70989755,12,Business
51.536403,0.70994236,12,Business
51.536621,-0.49275697,19,Business
51.537324,-2.4083981,11,Business
51.538481,0.69780725,12,Business
51.540471,0.72839991,12,Business
51.54465,0.004728295,13,Business
51.546218,-1.7565726,11,Business
51.549176,-0.45080434,13,Business
51.54927,0.5628349,12,Business
51.549974,-0.36066111,13,Business
51.550237,-1.0187679,15,Business
51.555291,0.39363126,13,Business
51.557013,-0.33562501,13,Business
51.557745,-0.009064593,13,Business
51.558317,-4.1691349,3,Business
51.563582,0.70838408,12,Business
51.56675,-0.41006712,13,Business
51.569538,0.13347304,13,Business
51.569852,-0.44154499,13,Business
51.571391,-0.19209659,13,Business
51.572858,-0.01468183,13,Business
51.572983,-1.8325584,11,Business
51.573901,-1.8334497,11,Business
51.574623,-1.8001144,11,Business
51.57548,-0.55602225,19,Business
51.576867,0.072766184,13,Business
51.578372,0.43104411,12,Business
51.579165,0.12673611,13,Business
51.579466,-0.33429973,13,Business
51.583016,-2.0963891,11,Business
51.585133,0.49958679,12,Business
51.58609,-1.4231924,15,Business
51.58611,0.49213345,12,Business
51.587055,0.60714636,12,Business
51.59332,-0.19596146,13,Business
51.594577,-0.17143975,13,Business
51.596623,-1.7892481,11,Business
51.598727,-1.2587616,15,Business
51.59891,-1.135619,15,Business
51.599158,-1.1254645,15,Business
51.599352,0.29948654,13,Business
51.601373,-0.63852971,19,Business
51.602524,-0.34649542,13,Business
51.603587,-0.40980606,13,Business
51.607859,-0.33967289,13,Business
51.6094,-0.28239675,13,Business
51.610924,-0.17833654,13,Business
51.615261,0.51934277,12,Business
51.617231,-0.3121316,13,Business
51.618086,-1.4114055,15,Business
51.61946,-3.8227039,3,Business
51.621764,-0.07161996,13,Business
51.622901,0.61532748,12,Business
51.623323,-3.4704498,7,Business
51.626272,-0.73840778,1,Business
51.629135,-3.2328535,7,Business
51.632696,-0.099001482,13,Business
51.6371,0.33703512,13,Business
51.639079,-4.0263396,3,Business
51.639692,0.3553505,13,Business
51.641403,-2.1562966,11,Business
51.644195,-0.16442879,13,Business
51.644502,0.052694319,13,Business
51.644605,-0.42481922,13,Business
51.64655,-0.6519051,1,Business
51.647439,-0.42633983,13,Business
51.651104,-3.0177574,7,Business
51.65801,-3.9405508,3,Business
51.658022,-0.25566284,13,Business
51.660534,-3.8983953,3,Business
51.660861,0.82456401,12,Business
51.675738,-1.4094439,15,Business
51.67611,-4.9197806,3,Business
51.680285,-4.1623469,3,Business
51.680369,-4.1261869,3,Business
51.683767,-3.9190414,3,Business
51.692669,-2.193987,11,Business
51.694068,0.25948506,13,Business
51.694272,-2.213453,11,Business
51.696919,-4.1190472,3,Business
51.697934,-0.18944528,13,Business
51.698247,-3.4183111,7,Business
51.699957,-4.1424454,3,Business
51.70389,-1.9576976,11,Business
51.704761,-0.034544187,13,Business
51.708282,-0.09768689,13,Business
51.710273,-3.7029152,3,Business
51.712049,-1.9702964,11,Business
51.717894,0.13276182,13,Business
51.718427,-2.9974678,7,Business
51.718493,-3.8467934,3,Business
51.723406,0.44692735,12,Business
51.725807,-0.3000114,13,Business
51.726747,0.17569323,13,Business
51.72784,-0.82937902,1,Business
51.728243,0.46594236,12,Business
51.729594,-1.1850958,15,Business
51.731491,-1.1824698,15,Business
51.737617,0.68637848,12,Business
51.740636,0.47830721,12,Business
51.749849,-0.33629689,13,Business
51.750323,-2.0862002,11,Business
51.750561,-2.2518306,11,Business
51.753182,-4.2243207,3,Business
51.753378,-1.2587831,15,Business
51.753478,-3.4216638,7,Business
51.755234,-0.46368505,13,Business
51.759461,-0.56034735,1,Business
51.759998,-2.569406,7,Business
51.761823,-0.56964752,1,Business
51.76184,-1.2690771,15,Business
51.761911,-0.011238975,13,Business
51.766629,-0.44198037,13,Business
51.76738,0.065801017,13,Business
51.777982,-1.5061526,15,Business
51.780017,-4.0310554,3,Business
51.783741,-2.6075119,7,Business
51.793387,-4.0774524,3,Business
51.795005,0.13422329,13,Business
51.797697,-0.073723527,13,Business
51.801569,-4.3037516,3,Business
51.804273,-0.1811265,13,Business
51.809444,0.65125904,12,Business
51.814811,-2.2718451,11,Business
51.817877,0.19794258,13,Business
51.819171,-2.2759915,11,Business
51.820413,-0.83993807,1,Business
51.82533,-2.5099848,7,Business
51.825605,-1.3015205,1,Business
51.829194,-3.0825275,7,Business
51.833036,-0.45442085,1,Business
51.833955,1.0236291,12,Business
51.843854,-2.0610495,11,Business
51.844947,-2.2609365,11,Business
51.85028,0.49563976,12,Business
51.858926,-0.98113876,1,Business
51.861022,-2.2610731,11,Business
51.872806,0.36244443,6,Business
51.872843,0.56749693,12,Business
51.873552,-2.241987,11,Business
51.876213,-0.40388193,1,Business
51.877847,0.54209299,12,Business
51.879184,0.54514717,12,Business
51.880175,-1.7014451,5,Business
51.881019,0.92160337,12,Business
51.881817,-0.42069715,1,Business
51.888094,-0.49625705,1,Business
51.888707,-0.52695567,1,Business
51.890204,0.91785343,12,Business
51.890471,-2.0784044,11,Business
51.890611,-2.0830108,11,Business
51.895132,-0.52665837,1,Business
51.89983,-1.1527487,1,Business
51.900135,-2.0791189,11,Business
51.901843,-0.18567708,13,Business
51.9021,-1.1422119,1,Business
51.902305,0.47817022,12,Business
51.915277,-1.1428768,1,Business
51.920147,1.1358194,12,Business
51.932541,0.94943638,12,Business
51.947252,1.0570086,12,Business
51.948578,1.0571862,12,Business
51.962119,-0.002563653,6,Business
51.962613,-3.3561527,7,Business
51.965672,-0.42663073,1,Business
51.976452,1.0240451,12,Business
51.977809,0.41058869,6,Business
51.980068,0.21404364,6,Business
51.985096,-0.73256029,1,Business
51.986923,-0.72516913,1,Business
51.987399,-0.97882355,1,Business
51.990996,-1.5778975,5,Business
51.992351,-4.9802122,3,Business
51.997744,-0.34075716,1,Business
51.99956,-0.98990877,1,Business
52.001169,-0.97215906,1,Business
52.001247,-0.98535502,1,Business
52.004744,-0.79617946,1,Business
52.006714,-0.30199034,6,Business
52.008251,-0.41088828,1,Business
52.008384,-0.72589985,1,Business
52.009141,-0.71943844,1,Business
52.013074,-0.051254685,6,Business
52.016405,-1.7566692,5,Business
52.018113,-0.65396855,1,Business
52.023014,0.24075436,6,Business
52.024182,-1.1400393,1,Business
52.028272,-0.76297033,1,Business
52.029275,-1.7545443,5,Business
52.035397,-1.3662189,1,Business
52.037006,-0.76506191,1,Business
52.037341,0.72909313,12,Business
52.038588,-0.71124916,1,Business
52.039091,-0.77012191,1,Business
52.041114,-2.4229342,7,Business
52.042877,-0.78232423,1,Business
52.044367,-1.1650519,1,Business
52.046821,-0.022180413,6,Business
52.052882,-1.2176569,1,Business
52.054416,1.1260787,12,Business
52.056092,-1.0378438,1,Business
52.056456,-0.85241625,1,Business
52.05834,-1.8501217,5,Business
52.060409,-0.12792483,6,Business
52.061441,-1.4878062,5,Business
52.070087,-1.3138638,1,Business
52.074643,1.140614,12,Business
52.07536,-1.322377,1,Business
52.076592,-0.73018981,1,Business
52.077279,-0.74057449,1,Business
52.077679,-1.0214456,1,Business
52.079219,-1.3417261,1,Business
52.081563,-4.6616071,3,Business
52.081884,0.43703714,6,Business
52.083964,-0.72928009,1,Business
52.086495,-1.1420969,1,Business
52.086947,-0.72248153,1,Business
52.089865,-1.951921,5,Business
52.091559,-1.0342788,1,Business
52.096354,-0.89147938,1,Business
52.111009,-0.9294778,1,Business
52.116788,-2.3271458,5,Business
52.119583,-4.4377171,3,Business
52.123924,-2.3113501,5,Business
52.124869,-0.47410123,1,Business
52.12603,-0.46314906,1,Business
52.126904,-2.3096326,5,Business
52.127777,-2.0693266,5,Business
52.131719,-0.90928776,1,Business
52.132369,-0.37986974,1,Business
52.138092,-0.46209102,1,Business
52.14441,-1.9311996,5,Business
52.154153,-0.19280223,6,Business
52.154355,-2.3876559,5,Business
52.154382,-1.0491596,1,Business
52.156649,-0.70130828,1,Business
52.17343,-1.8520609,5,Business
52.176599,0.056233671,6,Business
52.187232,-2.252479,5,Business
52.194028,-1.7003876,5,Business
52.19866,-2.1781745,5,Business
52.199087,-1.4879527,5,Business
52.201378,-1.7247003,5,Business
52.201812,-0.88909179,1,Business
52.208158,0.13488353,6,Business
52.209116,-3.0510989,7,Business
52.209706,1.3436401,12,Business
52.211124,-1.0014371,1,Business
52.211226,-0.29392506,6,Business
52.213244,0.14692591,6,Business
52.215191,-1.4313291,5,Business
52.21734,-0.87777006,1,Business
52.217695,-0.86221566,1,Business
52.21781,-0.85834828,1,Business
52.22549,-2.7520345,7,Business
52.226036,-1.8622516,5,Business
52.231658,-0.91287316,1,Business
52.231732,-0.9101625,1,Business
52.232963,0.96218874,12,Business
52.236173,-0.88887859,1,Business
52.23801,-0.88726575,1,Business
52.243195,0.71097701,12,Business
52.243967,-2.3104181,5,Business
52.245932,-0.84981978,1,Business
52.252486,-1.3886785,5,Business
52.257856,-1.1582515,1,Business
52.26337,-1.1803165,1,Business
52.265964,-1.1593289,1,Business
52.267588,-1.5410608,5,Business
52.269125,-1.5184628,5,Business
52.269828,-1.1769001,1,Business
52.270655,-0.74638677,1,Business
52.271078,-1.175602,1,Business
52.271821,-0.83021463,1,Business
52.271835,-1.6124754,5,Business
52.271925,0.18612638,6,Business
52.272036,-2.1549475,5,Business
52.273671,-2.1559645,5,Business
52.275257,-1.1651183,1,Business
52.276021,-1.5411204,5,Business
52.2764,-1.160304,1,Business
52.276831,-1.5459487,5,Business
52.277449,-1.5478185,5,Business
52.279806,-1.1575133,1,Business
52.280222,-0.84148578,1,Business
52.280284,-0.83688136,1,Business
52.280927,-1.5244181,5,Business
52.285632,-2.172396,5,Business
52.285922,-1.9101794,5,Business
52.286947,-1.6068315,5,Business
52.28861,-1.5326045,5,Business
52.290014,-1.8905986,5,Business
52.290965,-1.8886317,5,Business
52.291283,-0.37347678,6,Business
52.292639,-1.5352159,5,Business
52.29319,-1.2091938,1,Business
52.295239,-1.5356286,5,Business
52.298523,-1.5364154,5,Business
52.30179,-1.9382014,5,Business
52.301823,-0.7334222,1,Business
52.310964,-0.37737631,6,Business
52.312628,-1.9494371,5,Business
52.313569,-0.70313138,1,Business
52.315792,-1.8938506,5,Business
52.320928,-0.68162688,1,Business
52.32226,-0.071314859,6,Business
52.335546,-2.1840817,5,Business
52.336689,-1.3580479,5,Business
52.337134,-2.70385,7,Business
52.342864,-1.5749091,5,Business
52.344247,-0.27013509,6,Business
52.344361,-1.5735884,5,Business
52.35291,-0.5337288,1,Business
52.359053,-1.2927907,5,Business
52.361643,-1.2267842,1,Business
52.364161,-1.4680574,5,Business
52.365985,-2.6930735,7,Business
52.366287,-0.60112717,1,Business
52.367451,-1.6452872,5,Business
52.367592,-1.2909508,5,Business
52.372726,-1.4033395,5,Business
52.372863,-1.4658525,5,Business
52.373371,-1.3959423,5,Business
52.373865,-1.2598123,5,Business
52.37414,-1.2491434,5,Business
52.376072,1.1265572,12,Business
52.377466,-1.3020013,5,Business
52.378502,-0.72395743,1,Business
52.378864,-0.81043467,1,Business
52.37999,-1.3963662,5,Business
52.385177,-1.4574907,5,Business
52.385596,-1.7360164,5,Business
52.386005,-1.4675159,5,Business
52.388091,-1.6510434,5,Business
52.391696,-1.8081752,5,Business
52.39347,-1.5012109,5,Business
52.393486,-1.4423113,5,Business
52.394361,-1.8163785,5,Business
52.394879,-1.4817376,5,Business
52.395922,-1.4404877,5,Business
52.396667,-1.5519953,5,Business
52.397776,-1.4484153,5,Business
52.398746,-1.5622181,5,Business
52.399175,-1.5334072,5,Business
52.399931,-2.0198414,5,Business
52.401286,-1.5041506,5,Business
52.401559,-1.9321688,5,Business
52.40188,-1.2443367,5,Business
52.402166,-1.4892219,5,Business
52.403074,-1.5511808,5,Business
52.404558,-1.9648988,5,Business
52.404696,-0.07979069,6,Business
52.404928,-1.5152077,5,Business
52.407983,-1.5537035,5,Business
52.408001,-1.472852,5,Business
52.40829,-1.5262843,5,Business
52.409063,-0.72913274,1,Business
52.409263,-1.5973515,5,Business
52.409702,-0.076353339,6,Business
52.409799,-1.780724,5,Business
52.410991,-1.4761388,5,Business
52.411637,-2.1847075,5,Business
52.413342,-1.9269904,5,Business
52.415563,-1.9701684,5,Business
52.418273,-1.4946527,5,Business
52.419296,-1.8320818,5,Business
52.422297,-1.8438931,5,Business
52.423558,-1.4902395,5,Business
52.423955,-1.5273665,5,Business
52.427629,-1.5112527,5,Business
52.427683,-1.5067812,5,Business
52.428182,-1.4908333,5,Business
52.432767,-1.428034,5,Business
52.433067,-1.485482,5,Business
52.433126,-1.6034295,5,Business
52.434164,-1.604641,5,Business
52.434208,-1.3103575,5,Business
52.434351,-1.5062509,5,Business
52.435364,-2.1013908,5,Business
52.435693,-1.8316665,5,Business
52.437791,-1.4801754,5,Business
52.438335,-1.4958944,5,Business
52.439989,-1.4853867,5,Business
52.440712,-1.9997353,5,Business
52.441847,-1.8714668,5,Business
52.442429,-2.0094744,5,Business
52.443076,-2.0065028,5,Business
52.443463,-1.4600856,5,Business
52.443905,-1.8625306,5,Business
52.444784,-1.8533032,5,Business
52.44592,-1.8892868,5,Business
52.447718,-1.1649375,18,Business
52.448377,-0.10719014,6,Business
52.449153,-2.8501869,7,Business
52.450135,-1.8702803,5,Business
52.450678,-1.7767397,5,Business
52.450976,-2.0526925,5,Business
52.453484,-2.8378944,7,Business
52.454434,-2.1426383,5,Business
52.454866,-1.8178049,5,Business
52.455022,-1.9757781,5,Business
52.45528,-1.9124556,5,Business
52.45641,-1.7314877,5,Business
52.457011,-2.1026915,5,Business
52.457116,-1.4050991,5,Business
52.457475,-1.5242117,5,Business
52.458294,-1.9479762,5,Business
52.460359,-0.97614553,1,Business
52.460423,-2.1622468,5,Business
52.461399,-1.8622113,5,Business
52.462489,-1.8360977,5,Business
52.46282,-1.7477567,5,Business
52.463057,-1.4811733,5,Business
52.463644,0.28297186,6,Business
52.464234,-1.4769351,5,Business
52.465503,-1.7456218,5,Business
52.46609,-1.4737484,5,Business
52.468451,-1.8502659,5,Business
52.469636,-2.0742365,5,Business
52.470506,-1.4741374,5,Business
52.470665,1.7330229,12,Business
52.47229,-0.70885034,1,Business
52.472367,-1.8881018,5,Business
52.476481,-1.4940748,5,Business
52.477182,-0.70072669,1,Business
52.478012,-0.70104088,1,Business
52.478209,-2.0006629,5,Business
52.478626,-1.856754,5,Business
52.479213,-2.0263266,5,Business
52.480338,1.7527884,12,Business
52.481111,-2.1320347,5,Business
52.481186,-1.7436025,5,Business
52.483212,-1.9014743,5,Business
52.483547,-1.8593003,5,Business
52.484012,-1.4608412,5,Business
52.485206,-1.9103937,5,Business
52.485541,0.17548076,6,Business
52.485904,-1.9068433,5,Business
52.4882,-1.9117867,5,Business
52.491061,-1.8658891,5,Business
52.491741,-1.8104508,5,Business
52.492645,-1.9305859,5,Business
52.494628,-1.890078,5,Business
52.494927,-2.0269989,5,Business
52.494991,-1.8592933,5,Business
52.495632,-2.1025166,5,Business
52.498674,-2.1698855,5,Business
52.500033,-1.4810919,5,Business
52.50221,-2.0212139,5,Business
52.502447,1.043534,12,Business
52.503418,-2.1521077,5,Business
52.504436,-1.7708695,5,Business
52.50452,-0.66416313,1,Business
52.505616,-1.9448562,5,Business
52.50566,0.99731681,12,Business
52.506088,-1.8784106,5,Business
52.507204,-0.65908684,1,Business
52.507298,-1.9046766,5,Business
52.508924,-2.0714888,5,Business
52.509988,-2.0129666,5,Business
52.510743,1.1575758,12,Business
52.515209,-1.8593173,5,Business
52.515235,-1.7101309,5,Business
52.516138,-1.9202042,5,Business
52.517559,-1.4482877,5,Business
52.51964,-1.8072655,5,Business
52.52002,-2.0484869,5,Business
52.52433,-1.7750846,5,Business
52.526031,-1.452913,5,Business
52.526114,-1.5197269,5,Business
52.52703,-1.3904619,5,Business
52.527235,-1.8430503,5,Business
52.530971,-1.7599705,5,Business
52.531133,-2.0035533,5,Business
52.532081,-0.72244444,1,Business
52.533512,-1.796797,5,Business
52.533652,-2.0764824,5,Business
52.533825,-2.378888,5,Business
52.533836,-2.4133111,5,Business
52.534768,-0.67496643,1,Business
52.53544,-1.8545646,5,Business
52.53571,-1.5118233,5,Business
52.536645,-1.9221427,5,Business
52.53814,-2.0347807,5,Business
52.538986,-1.8434065,5,Business
52.539187,-1.3569424,5,Business
52.539678,-1.9436784,5,Business
52.540621,-1.4133785,5,Business
52.540856,-2.0724697,5,Business
52.542112,-0.28798141,6,Business
52.549494,-2.1091607,5,Business
52.549613,-2.124631,5,Business
52.551399,-0.3192875,6,Business
52.551847,-0.32550955,6,Business
52.553091,-1.3885376,5,Business
52.553695,0.089767201,6,Business
52.55576,-2.0730106,5,Business
52.555903,-2.0385118,5,Business
52.558943,1.1815794,12,Business
52.55915,-2.0322604,5,Business
52.561638,1.1800184,12,Business
52.561972,-2.0568975,5,Business
52.570074,-2.0279455,5,Business
52.570681,-2.4220825,5,Business
52.571351,-1.4265137,5,Business
52.572,-0.21443597,6,Business
52.573241,-1.5474543,5,Business
52.575244,-1.3402719,5,Business
52.57566,-1.1291449,18,Business
52.577318,-0.24054909,6,Business
52.579864,-1.9744557,5,Business
52.585777,-2.0582864,5,Business
52.58583,-1.8292183,5,Business
52.588173,-1.9866577,5,Business
52.591091,-2.203412,5,Business
52.5933,-1.6283363,5,Business
52.598471,-2.0726242,5,Business
52.600936,1.1757763,12,Business
52.602881,-1.4479107,5,Business
52.604103,-1.9193067,5,Business
52.605175,-1.2320281,18,Business
52.61011,-1.1731354,18,Business
52.611572,-1.121462,18,Business
52.611956,-1.1944414,18,Business
52.612127,-2.0313692,5,Business
52.612608,-1.6393233,5,Business
52.613514,-1.6966044,5,Business
52.614971,-2.010384,5,Business
52.615311,-2.9242544,10,Business
52.615406,-1.9235839,5,Business
52.615626,-1.1201549,18,Business
52.619446,-2.4823593,10,Business
52.625219,1.3138865,12,Business
52.62575,-2.2484679,5,Business
52.626266,-1.6524626,5,Business
52.627345,-1.1244704,18,Business
52.627623,1.3073286,12,Business
52.628257,-1.1009315,18,Business
52.629996,-1.3296535,18,Business
52.630022,1.2990402,12,Business
52.630541,-1.6479373,5,Business
52.633979,-1.6552976,5,Business
52.635669,-1.8352602,5,Business
52.637228,-1.1296816,18,Business
52.643439,-1.7175906,5,Business
52.644364,-1.7172595,5,Business
52.647069,-1.6258117,5,Business
52.64997,-2.4225061,10,Business
52.655085,-1.1424251,18,Business
52.657435,-1.0841002,18,Business
52.659019,-1.5685537,5,Business
52.661264,-1.077071,18,Business
52.663211,-1.1130489,18,Business
52.663638,-1.5933337,5,Business
52.665798,0.93374941,12,Business
52.66625,-2.3716195,10,Business
52.666469,0.18864298,6,Business
52.667412,0.95058752,12,Business
52.66808,-1.8375489,5,Business
52.681129,-1.8279895,5,Business
52.682042,-1.5238029,5,Business
52.682249,0.10931828,6,Business
52.684917,-1.8015989,5,Business
52.685232,-1.9143056,5,Business
52.686785,-1.3983597,18,Business
52.691024,-2.0101806,5,Business
52.696418,-2.0069858,5,Business
52.69793,-1.0857538,18,Business
52.701486,-1.5149046,5,Business
52.70758,-1.7863256,5,Business
52.708699,-1.7787716,5,Business
52.711116,-1.9528729,5,Business
52.712552,-2.7154447,10,Business
52.718971,-2.4335361,10,Business
52.722057,-1.373386,18,Business
52.724464,-1.3746101,18,Business
52.72819,-1.9108752,5,Business
52.738341,-1.5677122,5,Business
52.73931,-0.68482886,18,Business
52.743348,-2.7394129,10,Business
52.753453,0.12778324,6,Business
52.757402,1.3208069,12,Business
52.767232,-1.208194,18,Business
52.772843,-2.3649231,10,Business
52.775752,-1.5403477,5,Business
52.784453,-2.6595105,10,Business
52.805276,-2.1353899,5,Business
52.806264,-1.6640695,5,Business
52.807166,-0.13855614,6,Business
52.83035,-2.2080468,10,Business
52.835077,-0.92655009,18,Business
52.845041,-3.0350813,20,Business
52.846435,0.99918369,12,Business
52.860893,-3.0531341,20,Business
52.871229,-1.0860969,18,Business
52.891412,-1.4103057,18,Business
52.895454,-1.3364176,18,Business
52.898949,-2.123864,10,Business
52.899377,-1.4837845,18,Business
52.900271,-0.63329254,18,Business
52.901804,-1.2738348,18,Business
52.902883,-1.4400629,18,Business
52.903905,-2.4843843,10,Business
52.913234,-0.64032038,18,Business
52.913258,-0.64161348,18,Business
52.914364,-1.5410535,18,Business
52.91504,-1.4661393,18,Business
52.915233,-1.1566893,18,Business
52.917567,-2.2403509,10,Business
52.922098,-1.2687506,18,Business
52.930368,-1.2717205,18,Business
52.931159,-3.1746479,20,Business
52.949169,-2.0350376,10,Business
52.949757,-1.1421318,18,Business
52.950332,-0.95251471,18,Business
52.952269,-0.6115888,18,Business
52.953032,-1.1588271,18,Business
52.955525,-1.1568139,18,Business
52.956553,-1.1333784,18,Business
52.959466,-1.1623496,18,Business
52.961282,-1.1739416,18,Business
52.962097,-1.1529939,18,Business
52.967155,-2.6943905,10,Business
52.981625,-2.0039206,10,Business
52.992558,-1.2587417,18,Business
52.997871,-0.41025886,18,Business
53.01268,-2.2585268,10,Business
53.0151,-1.7334319,5,Business
53.022723,-2.1045699,10,Business
53.026019,-2.2421168,10,Business
53.030849,-2.1851688,10,Business
53.033517,-1.4677946,18,Business
53.03463,-1.2102106,18,Business
53.036736,-2.9409094,20,Business
53.039214,-1.0301251,18,Business
53.039845,-1.4068365,18,Business
53.044146,-2.21631,10,Business
53.045549,-2.1895277,10,Business
53.048396,-1.3791221,18,Business
53.048408,-1.4060925,18,Business
53.05134,-2.9933833,20,Business
53.052581,-1.0672123,18,Business
53.059809,-2.9879228,20,Business
53.061874,-2.2247701,10,Business
53.062798,-2.4977007,10,Business
53.065278,-0.8323838,18,Business
53.07159,-1.2499081,18,Business
53.076241,-0.55880461,18,Business
53.079876,-2.5128706,10,Business
53.083673,-1.1649573,18,Business
53.092317,-2.4313533,10,Business
53.101065,-1.3723902,18,Business
53.117197,-4.209778,3,Business
53.118438,-3.3923779,20,Business
53.120438,-4.1321855,3,Business
53.131763,-1.2439735,18,Business
53.132908,-1.2085596,18,Business
53.134621,-1.3809595,18,Business
53.136462,-4.2677593,3,Business
53.141374,-1.5594036,18,Business
53.143511,-2.3665045,10,Business
53.144328,-1.5536324,18,Business
53.151354,-2.3561791,10,Business
53.157474,-3.350792,20,Business
53.162298,-2.9898715,20,Business
53.163709,-2.2163431,10,Business
53.164594,-2.2035141,10,Business
53.171082,-1.4096216,18,Business
53.179875,-2.9361094,20,Business
53.187159,-2.8912212,20,Business
53.191475,-2.9019225,20,Business
53.191676,-2.8785927,20,Business
53.191715,-2.762029,20,Business
53.192261,-1.0654863,18,Business
53.192274,-2.4919255,10,Business
53.200325,-3.2167282,20,Business
53.20288,-1.6039852,0,Business
53.225055,-0.54088574,18,Business
53.227156,-2.9974189,20,Business
53.227368,-0.62667524,18,Business
53.238104,-0.61827018,18,Business
53.252752,-2.1298767,10,Business
53.25499,-4.3116574,3,Business
53.257981,-2.1154273,10,Business
53.259279,-2.1208873,10,Business
53.259622,0.17647345,6,Business
53.260232,-3.4746091,20,Business
53.264856,-3.5059552,20,Business
53.271548,-1.2692362,18,Business
53.272037,-2.2830775,10,Business
53.278393,-3.8228166,20,Business
53.28285,-2.9124704,20,Business
53.289197,-3.2084812,20,Business
53.296177,-2.3728071,10,Business
53.298583,-3.7631715,20,Business
53.303469,-1.1475613,18,Business
53.307285,-1.4554086,0,Business
53.3075,-2.3500046,10,Business
53.308674,-2.7029382,20,Business
53.309326,-2.1386632,10,Business
53.326693,-1.4841239,0,Business
53.327286,-1.1332583,18,Business
53.328191,-0.14590939,18,Business
53.331885,-1.3760663,0,Business
53.340224,0.26240117,6,Business
53.34146,-2.8651179,20,Business
53.347547,-1.2989273,0,Business
53.349306,-2.985787,20,Business
53.349621,-2.8414275,20,Business
53.351887,-1.4101171,0,Business
53.354498,-2.8546697,20,Business
53.357257,-2.1642108,10,Business
53.361106,-1.4934757,0,Business
53.363839,-2.1625681,10,Business
53.36406,-2.2396881,10,Business
53.364709,-3.0657761,20,Business
53.377247,-2.5415114,10,Business
53.381042,-2.5958448,10,Business
53.381181,-3.1241583,20,Business
53.383876,-1.449065,0,Business
53.383888,-2.3521196,10,Business
53.384671,-2.3611167,10,Business
53.38656,-2.7990192,20,Business
53.386671,-1.2212886,0,Business
53.387574,-2.9086345,20,Business
53.387773,-1.3787079,0,Business
53.392233,-0.74664219,18,Business
53.392592,-1.4332235,0,Business
53.392664,-1.4331924,0,Business
53.392826,-1.5282868,0,Business
53.393075,-0.77325031,18,Business
53.393413,-3.013935,20,Business
53.394135,-1.2571234,0,Business
53.394366,-2.2131665,10,Business
53.394581,-2.3564035,10,Business
53.39677,-2.5435489,10,Business
53.397065,-2.5983095,10,Business
53.398858,-0.77266288,18,Business
53.399045,-1.4089089,0,Business
53.401585,-3.1079554,20,Business
53.403212,-1.4171238,0,Business
53.404088,-2.531173,10,Business
53.411812,-2.7960323,20,Business
53.413509,-2.9235554,20,Business
53.424931,-1.3750364,0,Business
53.427516,-1.3539891,0,Business
53.428732,-1.0189953,18,Business
53.428825,-2.6542907,20,Business
53.431926,-2.5978208,10,Business
53.432725,-2.268597,10,Business
53.434704,-2.6893777,20,Business
53.436274,-1.3645739,0,Business
53.440789,-1.3132011,0,Business
53.443705,-2.414597,10,Business
53.444611,-2.1557857,10,Business
53.45014,-1.3472766,0,Business
53.451175,-1.342683,0,Business
53.458068,-2.3246309,10,Business
53.461169,-2.3281789,10,Business
53.469813,-2.2242707,10,Business
53.470217,-2.3088756,10,Business
53.470832,-2.3343548,10,Business
53.475912,-2.3584863,10,Business
53.476629,-2.6620324,20,Business
53.481126,-2.2260934,10,Business
53.481834,-2.2498304,10,Business
53.485347,-2.1806348,10,Business
53.489032,-1.2963258,0,Business
53.490852,-1.3031536,0,Business
53.491521,-1.1609787,0,Business
53.499994,-2.6516477,20,Business
53.503776,-1.3247729,0,Business
53.507623,-1.1202057,0,Business
53.512402,-2.3285146,10,Business
53.513836,-2.4695853,10,Business
53.520932,-2.2866208,10,Business
53.527731,-0.062054312,18,Business
53.52787,-1.3209504,0,Business
53.531796,-1.3381619,0,Business
53.534939,-2.4193356,10,Business
53.538132,-1.0397213,0,Business
53.53936,-1.0448693,0,Business
53.549232,-2.4138172,10,Business
53.550476,-2.133656,10,Business
53.560862,-0.030885019,18,Business
53.562952,-2.3803439,10,Business
53.564862,-1.1888348,0,Business
53.565546,-2.4087373,10,Business
53.567522,-1.5048297,0,Business
53.567984,-1.5145937,0,Business
53.570333,-2.8810036,20,Business
53.574983,-1.174279,0,Business
53.579458,-1.4512237,0,Business
53.581904,-2.4416716,10,Business
53.582159,-2.4432905,10,Business
53.582269,-2.4227193,10,Business
53.586922,-2.4237023,10,Business
53.600954,-2.2943556,10,Business
53.601092,-2.2224578,10,Business
53.606798,-0.66252054,18,Business
53.607552,-2.1412269,10,Business
53.609373,-0.66122998,18,Business
53.620231,-2.7057475,20,Business
53.623617,-1.8145561,0,Business
53.649387,-3.000067,20,Business
53.650994,-2.9851419,20,Business
53.653016,-1.5402011,0,Business
53.653875,-0.58903659,18,Business
53.671759,-0.63445768,18,Business
53.675033,-2.9670072,20,Business
53.67783,-1.6391801,0,Business
53.678115,-0.32957021,18,Business
53.678515,-1.5791939,0,Business
53.686061,-1.5028655,0,Business
53.693536,-2.3245329,10,Business
53.699299,-1.5112067,0,Business
53.699334,-2.4704976,10,Business
53.699888,-2.7115786,20,Business
53.70259,-1.6693847,0,Business
53.705899,-1.3885006,0,Business
53.707567,-1.6115965,0,Business
53.717372,-1.886408,0,Business
53.723071,-1.7136127,0,Business
53.723514,-2.6489619,20,Business
53.732377,-0.36956447,18,Business
53.73599,-1.7229087,0,Business
53.741249,-1.6538443,0,Business
53.750488,-3.0268078,20,Business
53.751942,-1.6010875,0,Business
53.752853,-2.366544,10,Business
53.753394,-2.5086828,20,Business
53.75364,-1.737731,0,Business
53.756479,-2.7007806,20,Business
53.770959,-1.6681502,0,Business
53.772507,-1.0576722,0,Business
53.773035,-2.2540009,10,Business
53.773356,-2.7072676,20,Business
53.77364,-1.7224334,0,Business
53.774655,-3.0282323,20,Business
53.776867,-2.7078123,20,Business
53.778106,-3.0251147,20,Business
53.781975,-1.5733949,0,Business
53.78296,-0.60940388,0,Business
53.78402,-1.5406073,0,Business
53.787447,-2.6489013,20,Business
53.788064,-2.2856169,10,Business
53.788786,-1.2304539,0,Business
53.789474,-2.3408924,10,Business
53.790494,-2.9917329,20,Business
53.792068,-1.727306,0,Business
53.797996,-1.7636584,0,Business
53.798629,-1.5533981,0,Business
53.799542,-1.5875338,0,Business
53.804843,-1.6583775,0,Business
53.808324,-1.6175,0,Business
53.809152,-2.6573915,20,Business
53.810587,-2.2021692,10,Business
53.817405,-3.0395925,20,Business
53.821812,-1.4700898,0,Business
53.827613,-0.45840142,0,Business
53.832223,-1.8214166,0,Business
53.833427,-2.2355555,10,Business
53.836214,-1.783441,0,Business
53.836284,-1.7727125,0,Business
53.843298,-2.9744838,20,Business
53.876315,-3.0405212,20,Business
53.895809,-2.7314762,20,Business
53.907665,-1.9353331,0,Business
53.924,-0.80022616,0,Business
53.924351,-1.3738471,0,Business
53.928543,-1.8026704,0,Business
53.960536,-1.0862677,0,Business
53.975633,-1.4124759,0,Business
53.975839,-1.5669205,0,Business
53.97757,-0.856447,0,Business
53.979004,-1.7225962,0,Business
53.992956,-1.5509716,0,Business
54.008908,-1.5528599,0,Business
54.01493,-1.3983404,0,Business
54.050975,-2.8047823,20,Business
54.056492,-2.7929123,20,Business
54.056558,-1.0393104,0,Business
54.216923,-1.3542647,0,Business
54.255072,-0.46592684,0,Business
54.280654,-0.87161732,14,Business
54.379224,-1.6827579,14,Business
54.397234,-0.72361446,14,Business
54.534899,-1.0522224,14,Business
54.548143,-1.2906413,14,Business
54.567052,-1.2233275,14,Business
54.58076,-1.3454792,14,Business
54.585707,-1.2442027,14,Business
54.591588,-1.0881889,14,Business
54.599328,-1.0801527,14,Business
54.609397,-1.287301,14,Business
54.626409,-1.5898426,14,Business
54.642822,-3.5477981,21,Business
54.666494,-1.8271924,14,Business
54.689749,-1.2485851,14,Business
54.725055,-2.789501,21,Business
54.83596,-1.8190907,14,Business
54.839356,-1.8188887,14,Business
54.889962,-1.5015367,14,Business
54.89328,-1.3738824,14,Business
54.902012,-1.5546897,14,Business
54.913115,-1.4874303,14,Business
54.919281,-1.5074774,14,Business
54.920035,-1.5116026,14,Business
54.946226,-2.7336785,21,Business
54.962943,-1.6924227,14,Business
54.964983,-1.5890111,14,Business
55.002453,-1.6948566,14,Business
55.096852,-3.4239371,21,Business
55.123469,-1.5379298,14,Business
55.397602,-1.6925175,14,Business
55.447655,-4.2670737,2,Business
55.599223,-4.4507795,2,Business
55.64251,-3.8808265,2,Business
55.685503,-4.516841,2,Business
55.776249,-2.0129825,14,Business
55.814119,-4.283251,2,Business
55.821371,-4.2997044,2,Business
55.828041,-4.1984192,2,Business
55.832061,-4.2108142,2,Business
55.843093,-4.4086985,2,Business
55.847313,-4.4148547,2,Business
55.852084,-4.21986,2,Business
55.853498,-4.4074571,2,Business
55.855346,-4.4382353,2,Business
55.855441,-4.1788757,2,Business
55.855748,-4.0131856,2,Business
55.859439,-4.2601497,2,Business
55.865802,-4.2752875,2,Business
55.875416,-3.1471635,8,Business
55.889072,-3.3370049,8,Business
55.923841,-3.302338,8,Business
55.941996,-4.3187337,2,Business
55.955314,-3.127792,8,Business
55.969599,-4.576438,2,Business
55.976506,-3.1743843,8,Business
55.995614,-2.5090782,8,Business
56.001142,-3.7854273,2,Business
56.010639,-3.9067021,2,Business
56.338649,-2.7992509,8,Business
57.261941,-2.1559959,9,Business
57.489892,-1.7920088,9,Business
50.1496,-5.071,16,Business
50.3356,-5.1439,16,Business
50.5367,-3.6079,16,Business
50.7276,-3.4756,16,Business
50.7458,-1.8191,11,Business
50.7816,-1.8527,11,Business
50.7935,-1.0956,15,Business
50.7951,-1.0936,15,Business
50.8361,-0.1433,19,Business
50.8378,-0.7828,19,Business
50.8424,-0.1191,19,Business
50.8446,-1.0696,15,Business
50.8777,-0.3009,19,Business
50.8856,-1.0425,15,Business
50.8953,-1.0695,15,Business
50.9076,-1.4069,15,Business
50.9128,-1.4044,15,Business
50.934,-1.3957,15,Business
50.938,-1.4702,15,Business
50.961,-1.4247,15,Business
50.961,-1.4247,15,Business
50.9611,-1.4225,15,Business
50.9611,-1.4225,15,Business
50.9779,-1.368,15,Business
50.981,0.4691,13,Business
51.0086,-1.4856,15,Business
51.0095,-1.4074,15,Business
51.0361,-2.5275,7,Business
51.0625,-1.3192,15,Business
51.0719,-1.2977,15,Business
51.0972,0.0337,13,Business
51.0972,0.0337,13,Business
51.1119,-1.3986,15,Business
51.1165,-0.1975,19,Business
51.12,-0.5321,19,Business
51.1326,-0.1671,19,Business
51.1779,-0.68,19,Business
51.2037,-0.1593,19,Business
51.2137,-0.7965,19,Business
51.2252,-0.1884,19,Business
51.2319,-0.8622,15,Business
51.2328,-0.8779,15,Business
51.2365,-0.5791,19,Business
51.2391,-0.5955,19,Business
51.2402,-0.6121,19,Business
51.2407,-0.6131,19,Business
51.2421,-0.7877,19,Business
51.2421,-0.7877,19,Business
51.2425,-0.5879,19,Business
51.2451,-1.1008,15,Business
51.2466,-0.873,15,Business
51.2467,-0.5869,19,Business
51.2648,-1.0893,15,Business
51.2743,-0.1466,13,Business
51.278,1.0789,12,Business
51.2786,-0.4347,19,Business
51.2859,-2.4812,7,Business
51.2874,-0.527,19,Business
51.2921,-0.8008,19,Business
51.2959,-1.0637,15,Business
51.296,-0.3332,19,Business
51.2985,1.0709,12,Business
51.3153,-0.5465,19,Business
51.3182,-0.7363,19,Business
51.3243,-0.2664,19,Business
51.3389,-0.7438,19,Business
51.3501,-0.4626,19,Business
51.3529,-0.0938,13,Business
51.3529,-0.0938,13,Business
51.3571,-0.1205,13,Business
51.3622,-0.6928,19,Business
51.3726,-0.5314,19,Business
51.3726,-0.4755,19,Business
51.3728,-0.4613,19,Business
51.3741,-0.1216,13,Business
51.3773,-2.146,11,Business
51.3779,-2.3606,11,Business
51.3804,-2.3306,11,Business
51.382,-2.3588,11,Business
51.383,-0.784,19,Business
51.383,-0.784,19,Business
51.3857,-0.9739,15,Business
51.3862,-0.4261,19,Business
51.3916,-2.3912,11,Business
51.3934,-0.9814,15,Business
51.3989,0.0161,13,Business
51.4051,-0.3048,13,Business
51.4053,-0.6764,19,Business
51.4067,-1.3326,15,Business
51.4125,-0.763,19,Business
51.4142,-0.7827,19,Business
51.4144,-0.2876,13,Business
51.4148,-0.748,19,Business
51.415,-0.7743,19,Business
51.4157,-0.7569,19,Business
51.4159,-1.5146,15,Business
51.4167,-1.3197,15,Business
51.4184,-0.9873,15,Business
51.4222,-0.9921,15,Business
51.4248,-0.5667,19,Business
51.4304,-0.9738,15,Business
51.4347,-0.5339,19,Business
51.4382,-0.8874,15,Business
51.4382,-0.8874,15,Business
51.4382,-0.8874,15,Business
51.4472,-2.2014,11,Business
51.4482,-0.3294,13,Business
51.449,-0.445,19,Business
51.4493,-2.5815,7,Business
51.4493,-0.3304,13,Business
51.4493,-2.5815,7,Business
51.4493,-2.5815,7,Business
51.4493,-2.5815,7,Business
51.4501,-0.0993,13,Business
51.4526,-2.602,7,Business
51.4556,-0.968,15,Business
51.4578,-2.5948,7,Business
51.4584,-0.9697,15,Business
51.459,-2.6032,7,Business
51.459,-2.6032,7,Business
51.4591,-0.2908,13,Business
51.46,-2.5915,7,Business
51.4609,-0.031,13,Business
51.4614,-0.3046,13,Business
51.462,-2.6093,7,Business
51.4636,-0.1403,13,Business
51.4718,-0.15,13,Business
51.4725,-0.1055,13,Business
51.4752,-3.1759,7,Business
51.4752,-3.1759,7,Business
51.48,-2.5857,7,Business
51.4808,-0.4689,19,Business
51.481,-0.2079,13,Business
51.4844,-0.004,13,Business
51.4848,-0.6077,19,Business
51.4856,-0.6396,19,Business
51.4856,-0.6396,19,Business
51.4868,-2.4893,7,Business
51.4887,-0.3156,13,Business
51.4894,0.0655,13,Business
51.4906,-0.2,13,Business
51.4921,-0.275,13,Business
51.4936,-0.1405,13,Business
51.4946,-0.212,13,Business
51.4951,-0.2072,13,Business
51.4953,-0.1464,13,Business
51.4954,-0.1352,13,Business
51.4955,-0.1279,13,Business
51.4964,-0.1414,13,Business
51.4965,-0.1465,13,Business
51.4965,-0.1465,13,Business
51.4966,-0.1364,13,Business
51.4975,-0.1373,13,Business
51.498,-0.1356,13,Business
51.4983,-0.1769,13,Business
51.4984,-0.0814,13,Business
51.4985,-0.1477,13,Business
51.4989,-0.135,13,Business
51.499,-0.1411,13,Business
51.5001,-0.1498,13,Business
51.5002,-0.1893,13,Business
51.5003,-0.0845,13,Business
51.5004,-0.116,13,Business
51.5007,0.0068,13,Business
51.501,-2.5474,7,Business
51.5013,-0.1784,13,Business
51.5016,0.0056,13,Business
51.5023,-0.7757,19,Business
51.5027,-0.0193,13,Business
51.5032,-0.0814,13,Business
51.5034,-0.0961,13,Business
51.5037,-0.0147,13,Business
51.5041,0.0464,13,Business
51.5042,-0.1159,13,Business
51.5045,-0.0802,13,Business
51.5049,-0.0195,13,Business
51.5049,-0.0195,13,Business
51.5049,-0.0876,13,Business
51.5049,-0.0195,13,Business
51.5049,-0.0195,13,Business
51.5053,-0.0812,13,Business
51.506,-0.1238,13,Business
51.5063,-0.0886,13,Business
51.5064,-0.0524,13,Business
51.5069,-0.1069,13,Business
51.5069,-0.0395,13,Business
51.5072,-0.0672,13,Business
51.5096,-0.1337,13,Business
51.5099,-0.1408,13,Business
51.51,-2.5764,7,Business
51.5102,-0.1363,13,Business
51.5102,-0.1372,13,Business
51.5103,-0.1457,13,Business
51.511,-0.1179,13,Business
51.5112,-0.0784,13,Business
51.5113,-0.0822,13,Business
51.5113,-0.0835,13,Business
51.5113,-0.1472,13,Business
51.5114,-0.1075,13,Business
51.5116,-0.1162,13,Business
51.5117,-0.1385,13,Business
51.5118,-0.1265,13,Business
51.5121,-0.1457,13,Business
51.5127,-0.0872,13,Business
51.5128,-0.0862,13,Business
51.513,-0.1031,13,Business
51.5133,-0.143,13,Business
51.5134,-0.1059,13,Business
51.5135,-0.104,13,Business
51.5136,-0.0721,13,Business
51.5137,-0.1184,13,Business
51.5138,-0.1021,13,Business
51.5138,-0.1021,13,Business
51.514,-0.0908,13,Business
51.5142,-0.1401,13,Business
51.5142,-0.0815,13,Business
51.5144,-0.1442,13,Business
51.5144,-0.1442,13,Business
51.5146,-0.0856,13,Business
51.5147,-0.1095,13,Business
51.5148,-0.1236,13,Business
51.5148,-0.1236,13,Business
51.5148,-0.1236,13,Business
51.5151,-0.14,13,Business
51.5153,-0.104,13,Business
51.5154,-0.1066,13,Business
51.5155,-0.0979,13,Business
51.5155,-0.1084,13,Business
51.5159,-0.1078,13,Business
51.5162,-0.1095,13,Business
51.5163,-0.1385,13,Business
51.5168,-0.0864,13,Business
51.5169,-0.0828,13,Business
51.5169,-0.1206,13,Business
51.5169,-0.1047,13,Business
51.517,-0.1437,13,Business
51.5171,-0.1042,13,Business
51.5171,-0.0984,13,Business
51.5173,-0.1412,13,Business
51.5177,-0.1552,13,Business
51.5177,-0.1163,13,Business
51.5178,-0.1491,13,Business
51.5183,-0.1182,13,Business
51.5185,-0.0725,13,Business
51.5185,-0.1437,13,Business
51.5189,-0.1113,13,Business
51.5191,-0.3094,13,Business
51.5193,-0.0973,13,Business
51.5193,-0.073,13,Business
51.52,-0.0878,13,Business
51.52,-0.1625,13,Business
51.5201,-0.1817,13,Business
51.5201,-0.0816,13,Business
51.5202,-0.6325,19,Business
51.5202,-0.6325,19,Business
51.5202,-0.6325,19,Business
51.5202,-0.1348,13,Business
51.5205,-0.1161,13,Business
51.5212,-0.0874,13,Business
51.5212,-0.0874,13,Business
51.5216,-0.1384,13,Business
51.5218,-0.0849,13,Business
51.5222,-0.1151,13,Business
51.5223,-0.0836,13,Business
51.5223,-0.1365,13,Business
51.5224,-0.1441,13,Business
51.5225,-0.1406,13,Business
51.5231,-0.0979,13,Business
51.5232,-0.0846,13,Business
51.5235,-0.1324,13,Business
51.5239,-0.1048,13,Business
51.524,-0.1081,13,Business
51.5244,-0.0877,13,Business
51.5246,-0.0407,13,Business
51.5249,-0.1254,13,Business
51.5249,-0.0916,13,Business
51.525,-0.1279,13,Business
51.5252,-0.1166,13,Business
51.5254,-0.1248,13,Business
51.5254,-0.0837,13,Business
51.5271,-0.0468,13,Business
51.5273,-0.0889,13,Business
51.5273,-0.0889,13,Business
51.5273,-0.0889,13,Business
51.5277,-0.1026,13,Business
51.5285,-0.1271,13,Business
51.5293,-0.6103,19,Business
51.5302,-0.0861,13,Business
51.5306,-0.0935,13,Business
51.5306,-0.0935,13,Business
51.5306,-0.0935,13,Business
51.5311,-0.1201,13,Business
51.5319,-3.4963,7,Business
51.5328,-0.4728,13,Business
51.5344,-0.0567,13,Business
51.5373,-0.4873,19,Business
51.5396,-0.8127,15,Business
51.5396,-0.8127,15,Business
51.5433,-1.7718,11,Business
51.5443,-0.1036,13,Business
51.5464,-2.4111,11,Business
51.5464,-0.2193,13,Business
51.5469,-0.126,13,Business
51.5506,-0.1658,13,Business
51.551,-0.1721,13,Business
51.556,-0.1484,13,Business
51.5573,-0.8168,15,Business
51.5586,-1.7845,11,Business
51.5614,-1.7222,11,Business
51.564,0.0366,13,Business
51.5667,-1.7847,11,Business
51.5667,-1.7847,11,Business
51.5667,-1.7847,11,Business
51.5667,-1.7847,11,Business
51.5667,-1.7847,11,Business
51.5667,-1.7847,11,Business
51.5696,-0.7753,1,Business
51.5748,-1.3145,15,Business
51.5759,-1.3075,15,Business
51.5772,-1.3091,15,Business
51.5781,-0.342,13,Business
51.5792,-0.3389,13,Business
51.5795,-0.1277,13,Business
51.5802,-0.3359,13,Business
51.5836,0.044,13,Business
51.588,-1.4261,15,Business
51.5942,-0.3799,13,Business
51.5948,-2.1037,11,Business
51.5966,-0.0093,13,Business
51.5993,0.2994,13,Business
51.6022,-2.5232,7,Business
51.6049,-0.1893,13,Business
51.6064,-1.113,15,Business
51.6096,-3.9806,3,Business
51.6108,-2.5281,7,Business
51.6117,-0.3476,13,Business
51.6133,-0.1764,13,Business
51.6202,-1.2472,15,Business
51.6235,-1.2911,15,Business
51.6392,-0.7514,1,Business
51.6409,-1.8553,11,Business
51.6415,-2.6775,7,Business
51.6523,-3.2976,7,Business
51.6527,-0.0877,13,Business
51.6999,-0.6102,1,Business
51.7001,-0.3727,13,Business
51.7028,-0.7064,1,Business
51.7072,-0.4412,13,Business
51.7139,-1.2196,15,Business
51.7139,-1.2196,15,Business
51.7256,0.6811,12,Business
51.7282,0.4658,12,Business
51.7349,0.4695,12,Business
51.7356,-1.3184,15,Business
51.7425,-1.2574,15,Business
51.7477,0.5114,12,Business
51.758,-1.262,15,Business
51.7621,-0.243,13,Business
51.7714,-1.2732,15,Business
51.8122,0.1509,13,Business
51.816,-2.7119,7,Business
51.8299,-1.3016,1,Business
51.8673,-2.3302,11,Business
51.8767,0.9466,12,Business
51.8782,-0.4115,1,Business
51.8966,-1.1496,1,Business
51.8989,-1.1484,1,Business
51.9176,-0.662,1,Business
51.9237,0.9215,12,Business
51.9867,-0.9806,1,Business
51.9867,-0.9806,1,Business
52.0218,-0.7669,1,Business
52.0249,-0.7097,1,Business
52.0365,-0.7672,1,Business
52.0385,-2.7018,7,Business
52.0396,-0.763,1,Business
52.0432,-0.7608,1,Business
52.0522,-0.0369,6,Business
52.0548,1.1525,12,Business
52.0604,0.1946,6,Business
52.0604,0.1946,6,Business
52.0881,0.0256,6,Business
52.1073,-2.7283,7,Business
52.1073,-2.7283,7,Business
52.1366,0.0764,6,Business
52.1372,0.0707,6,Business
52.1817,0.1788,6,Business
52.1831,0.0528,6,Business
52.188,1.5295,12,Business
52.1894,0.1382,6,Business
52.1899,-2.221,5,Business
52.1922,0.1371,6,Business
52.1943,0.1351,6,Business
52.1949,0.134,6,Business
52.1975,0.1285,6,Business
52.1975,0.1285,6,Business
52.1975,0.1285,6,Business
52.1975,0.1285,6,Business
52.1988,-1.72,5,Business
52.2003,0.1266,6,Business
52.201,0.1259,6,Business
52.2013,-1.7247,5,Business
52.2013,-1.7247,5,Business
52.2018,0.1159,6,Business
52.2047,0.1192,6,Business
52.2051,0.1161,6,Business
52.2087,0.0898,6,Business
52.2088,0.0904,6,Business
52.2094,0.0093,6,Business
52.2096,0.0874,6,Business
52.2129,0.1376,6,Business
52.213,0.114,6,Business
52.2159,0.1234,6,Business
52.2185,0.1469,6,Business
52.2231,-0.0776,6,Business
52.2276,-0.8595,1,Business
52.2282,0.153,6,Business
52.2282,0.153,6,Business
52.2282,0.153,6,Business
52.2283,-0.8547,1,Business
52.2322,0.1445,6,Business
52.2342,0.1412,6,Business
52.2343,0.1398,6,Business
52.2348,0.1534,6,Business
52.2348,0.1534,6,Business
52.2348,0.1534,6,Business
52.2348,0.1533,6,Business
52.2404,0.2747,6,Business
52.2413,0.751,12,Business
52.2446,0.713,12,Business
52.2667,0.3257,6,Business
52.2958,-1.7782,5,Business
52.3222,-0.0652,6,Business
52.3472,-0.1963,6,Business
52.3689,-1.7996,5,Business
52.3712,-1.2664,5,Business
52.3768,1.1103,12,Business
52.3768,1.1103,12,Business
52.3812,-0.2305,6,Business
52.3837,-1.4914,5,Business
52.3858,-1.5648,5,Business
52.3886,-1.5868,5,Business
52.402,-1.4884,5,Business
52.402,-1.4884,5,Business
52.4053,-1.5,5,Business
52.4053,-1.5,5,Business
52.4069,-1.8794,5,Business
52.407,-1.5076,5,Business
52.4361,-1.5326,5,Business
52.4514,-1.93,5,Business
52.4805,-1.9031,5,Business
52.4886,-1.8872,5,Business
52.4886,-1.8872,5,Business
52.4891,-1.8883,5,Business
52.4994,-1.7051,5,Business
52.4997,-2.1448,5,Business
52.5033,-2.139,5,Business
52.5069,-1.4387,5,Business
52.5136,-3.3157,3,Business
52.5172,-1.8972,5,Business
52.5282,1.4893,12,Business
52.5282,1.4893,12,Business
52.5475,-1.8412,5,Business
52.5536,-1.4649,5,Business
52.5814,-1.9905,5,Business
52.5816,-2.1246,5,Business
52.5837,-2.1326,5,Business
52.5965,-3.8528,3,Business
52.6017,-1.6774,5,Business
52.6269,-1.7053,5,Business
52.6292,-1.1378,18,Business
52.6844,-2.4247,10,Business
52.6897,-0.3117,6,Business
52.7597,-1.2469,18,Business
52.7648,-1.2295,18,Business
52.9309,-1.1721,18,Business
52.9366,-1.1868,18,Business
52.9381,-1.1943,18,Business
52.9414,-1.1638,18,Business
52.9441,-0.814,18,Business
52.9481,-1.1446,18,Business
52.9564,-1.152,18,Business
52.9581,-1.1246,18,Business
52.9763,-2.2005,10,Business
53.0909,-2.4201,10,Business
53.2287,-0.5486,18,Business
53.2291,-4.1294,3,Business
53.3042,-2.2369,10,Business
53.342,-2.88,20,Business
53.3619,-2.9976,20,Business
53.3651,-1.486,0,Business
53.3651,-1.486,0,Business
53.3778,-2.3493,10,Business
53.38,-1.4627,0,Business
53.3811,-1.4713,0,Business
53.3813,-1.4885,0,Business
53.386,-2.3522,10,Business
53.387,-1.4643,0,Business
53.389,-2.3472,10,Business
53.3944,-2.9789,20,Business
53.4016,-1.4214,0,Business
53.4016,-1.4214,0,Business
53.4016,-1.4214,0,Business
53.4039,-2.9712,20,Business
53.4069,-2.9335,20,Business
53.4084,-2.1573,10,Business
53.4095,-2.9855,20,Business
53.4107,-2.3202,10,Business
53.4154,-2.5359,10,Business
53.4626,-2.2386,10,Business
53.463,-2.2384,10,Business
53.463,-2.236,10,Business
53.4646,-2.3097,10,Business
53.4671,-3.0203,20,Business
53.4679,-2.2332,10,Business
53.4709,-2.2391,10,Business
53.4797,-2.248,10,Business
53.5014,-2.1955,10,Business
53.5094,-1.4451,0,Business
53.5379,-2.7914,20,Business
53.5396,-2.1242,10,Business
53.585,-2.5261,10,Business
53.6869,-1.3125,0,Business
53.6924,-1.1533,0,Business
53.713,-1.9381,0,Business
53.7425,-2.0131,0,Business
53.7613,-2.7073,20,Business
53.7717,-0.3663,18,Business
53.7879,-2.9912,20,Business
53.7898,-2.6385,20,Business
53.7929,-1.5411,0,Business
53.7929,-1.5411,0,Business
53.7945,-1.5373,0,Business
53.7945,-1.5373,0,Business
53.7968,-1.5339,0,Business
53.7986,-1.5535,0,Business
53.7989,-1.5482,0,Business
53.8045,-1.5614,0,Business
53.8052,-1.6881,0,Business
53.8219,-1.3446,0,Business
53.8382,-1.7897,0,Business
53.8389,-1.789,0,Business
53.9766,-1.5681,0,Business
53.9788,-1.5243,0,Business
54.0104,-2.7864,20,Business
54.171,-2.3339,20,Business
54.5076,-6.8403,4,Business
54.5757,-5.9175,4,Business
54.5766,-5.9445,4,Business
54.5799,-1.2357,14,Business
54.5847,-5.9344,4,Business
54.67,-1.4533,14,Business
54.6869,-1.205,14,Business
54.8314,-1.4826,14,Business
54.9042,-1.3772,14,Business
54.9183,-1.4202,14,Business
54.9347,-1.6115,14,Business
54.9709,-1.581,14,Business
54.9709,-1.6221,14,Business
54.9789,-1.643,14,Business
54.9803,-1.6157,14,Business
55.0175,-1.5934,14,Business
55.0175,-1.5934,14,Business
55.0175,-1.5934,14,Business
55.0183,-1.5679,14,Business
55.024,-1.5104,14,Business
55.5985,-2.7224,8,Business
55.5985,-2.7224,8,Business
55.7738,-4.0389,2,Business
55.8477,-4.295,2,Business
55.8587,-4.2519,2,Business
55.8606,-4.2789,2,Business
55.8606,-4.261,2,Business
55.8608,-4.2582,2,Business
55.8612,-4.2447,2,Business
55.8623,-4.2584,2,Business
55.8672,-4.25,2,Business
55.8687,-4.2434,2,Business
55.8717,-4.2883,2,Business
55.8717,-4.2883,2,Business
55.8751,-4.282,2,Business
55.8888,-3.5296,8,Business
55.924,-3.2884,8,Business
55.9275,-3.2485,8,Business
55.9443,-3.2183,8,Business
55.9454,-3.22,8,Business
55.9476,-3.1873,8,Business
55.9479,-3.1881,8,Business
55.9502,-3.2132,8,Business
55.951,-3.2042,8,Business
55.951,-3.2042,8,Business
55.9533,-3.2021,8,Business
55.9534,-3.1942,8,Business
55.9873,-3.417,8,Business
56.1924,-3.9643,2,Business
56.3881,-3.427,8,Business
56.4173,-3.4641,8,Business
56.5911,-3.3389,8,Business
57.1496,-2.0969,9,Business
57.165,-2.0991,9,Business
